===== Satisfactory Server v1.8.1 =====
https://github.com/robtme/satisfactory-server

Checking available memory: 38GB detected
Setting autosave number to 5
Setting max objects to 2162688
Setting max tick rate to 30
Setting server streaming to 1
Setting timeout to 30
Checking available storage: 76GB detected

Downloading the latest version of the game...
Redirecting stderr to '/home/steam/.steam/steam/logs/stderr.txt'
ILocalize::AddFile() failed to load file "public/steambootstrapper_english.txt".
[  0%] Checking for available update...
[----] Downloading update (0 of 48,910 KB)...
[  0%] Downloading update (0 of 48,910 KB)...
[  0%] Downloading update (0 of 48,910 KB)...
[  0%] Downloading update (3,106 of 48,910 KB)...
[  6%] Downloading update (6,877 of 48,910 KB)...
[ 14%] Downloading update (9,656 of 48,910 KB)...
[ 19%] Downloading update (12,152 of 48,910 KB)...
[ 24%] Downloading update (14,891 of 48,910 KB)...
[ 30%] Downloading update (17,380 of 48,910 KB)...
[ 35%] Downloading update (19,875 of 48,910 KB)...
[ 40%] Downloading update (22,627 of 48,910 KB)...
[ 46%] Downloading update (25,109 of 48,910 KB)...
[ 51%] Downloading update (27,598 of 48,910 KB)...
[ 56%] Downloading update (30,296 of 48,910 KB)...
[ 61%] Downloading update (32,766 of 48,910 KB)...
[ 66%] Downloading update (35,241 of 48,910 KB)...
[ 72%] Downloading update (37,988 of 48,910 KB)...
[ 77%] Downloading update (40,488 of 48,910 KB)...
[ 82%] Downloading update (42,336 of 48,910 KB)...
[ 86%] Downloading update (43,710 of 48,910 KB)...
[ 89%] Downloading update (44,954 of 48,910 KB)...
[ 91%] Downloading update (46,199 of 48,910 KB)...
[ 94%] Downloading update (47,564 of 48,910 KB)...
[ 97%] Downloading update (48,800 of 48,910 KB)...
[ 99%] Downloading update (48,910 of 48,910 KB)...
[100%] Download Complete.
[----] Applying update...
[----] Extracting package...
[----] Extracting package...
[----] Extracting package...
[----] Extracting package...
[----] Installing update...
[----] Installing update...
[----] Installing update...
[----] Installing update...
[----] Installing update...
[----] Installing update...
[----] Installing update...
[----] Installing update...
[----] Installing update...
[----] Cleaning up...
[----] Update complete, launching...
Redirecting stderr to '/home/steam/.steam/steam/logs/stderr.txt'
Logging directory: '/home/steam/.steam/steam/logs'
[  0%] Checking for available updates...
[----] Verifying installation...
[  0%] Downloading update...
[  0%] Checking for available updates...
[----] Download complete.
[----] Extracting package...
[----] Extracting package...
[----] Extracting package...
[----] Extracting package...
[----] Installing update...
[----] Installing update...
[----] Installing update...
[----] Installing update...
[----] Installing update...
[----] Installing update...
[----] Installing update...
[----] Installing update...
[----] Installing update...
[----] Cleaning up...
[----] Update complete, launching Steamcmd...
steamcmd.sh[37]: Restarting steamcmd by request...
UpdateUI: skip show logoRedirecting stderr to '/home/steam/.steam/steam/logs/stderr.txt'
Logging directory: '/home/steam/.steam/steam/logs'
[  0%] Checking for available updates...
[----] Verifying installation...
UpdateUI: skip show logoSteam Console Client (c) Valve Corporation - version 1726088194
-- type 'quit' to exit --
Loading Steam API...OK

Connecting anonymously to Steam Public...OK
Waiting for client config...OK
Waiting for user info...OK
 Update state (0x3) reconfiguring, progress: 0.00 (0 / 0)
 Update state (0x11) preallocating, progress: 74.47 (3204820681 / 4303569976)
 Update state (0x61) downloading, progress: 2.55 (109931692 / 4303569976)
 Update state (0x61) downloading, progress: 20.56 (884725305 / 4303569976)
 Update state (0x61) downloading, progress: 36.07 (1552352473 / 4303569976)
 Update state (0x61) downloading, progress: 50.65 (2179756179 / 4303569976)
 Update state (0x61) downloading, progress: 65.36 (2812863411 / 4303569976)
 Update state (0x61) downloading, progress: 80.68 (3472049822 / 4303569976)
 Update state (0x61) downloading, progress: 88.07 (3790212476 / 4303569976)
 Update state (0x61) downloading, progress: 93.70 (4032433532 / 4303569976)
 Update state (0x61) downloading, progress: 99.25 (4271484367 / 4303569976)
 Update state (0x81) verifying update, progress: 24.25 (1043434135 / 4303569976)
 Update state (0x81) verifying update, progress: 59.43 (2557552804 / 4303569976)
 Update state (0x81) verifying update, progress: 94.02 (4046092394 / 4303569976)
Work thread 'CContentUpdateContext::m_pCPUTh' is marked exited, but we could not immediately join prior to deleting -- proceeding without join
Success! App '1690800' fully installed.
Launching game server

Project file not found: /config/gamefiles/FactoryGame/FactoryGame.uproject
5.3.2-365306+++FactoryGame+rel-main-1.0.0 1009 3
Disabling core dumps.
LogInit: Display: Running engine for game: FactoryGame
LogInit: Display: Project file not found: /config/gamefiles/FactoryGame/FactoryGame.uproject
LogInit: Display: 	Attempting to find via project info helper.
LogUProjectInfo: Found projects:
LogPakFile: Initializing PakPlatformFile
LogIoDispatcher: Display: Reading toc: ../../../FactoryGame/Content/Paks/global.utoc
LogIoDispatcher: Display: Toc signature hash: 83989862C6199616CC2D9564D32FE64C93DCA681
LogIoDispatcher: Display: Mounting container '../../../FactoryGame/Content/Paks/global.utoc' in location slot 0
LogPakFile: Display: Initialized I/O dispatcher file backend. Mounted the global container: ../../../FactoryGame/Content/Paks/global.utoc
LogPakFile: Display: Found Pak file ../../../FactoryGame/Content/Paks/FactoryGame-LinuxServer.pak attempting to mount.
LogPakFile: Display: Mounting pak file ../../../FactoryGame/Content/Paks/FactoryGame-LinuxServer.pak.
LogIoDispatcher: Display: Reading toc: ../../../FactoryGame/Content/Paks/FactoryGame-LinuxServer.utoc
LogIoDispatcher: Display: Toc signature hash: EF49DC5F59B6CD0160DCE0B142695B01F4C4A5B0
LogIoDispatcher: Display: Mounting container '../../../FactoryGame/Content/Paks/FactoryGame-LinuxServer.utoc' in location slot 0
LogPakFile: Display: Mounted IoStore container "../../../FactoryGame/Content/Paks/FactoryGame-LinuxServer.utoc"
LogPakFile: Display: Mounted Pak file '../../../FactoryGame/Content/Paks/FactoryGame-LinuxServer.pak', mount point: '../../../'
LogICUInternationalization: ICU TimeZone Detection - Raw Offset: +0:00, Platform Override: ''
LogInit: Session CrashGUID >====================================================
         Session CrashGUID >   UECC-Linux-F41E128A7474423DA8566CD5C8AC9B21
         Session CrashGUID >====================================================
LogConfig: Using compiled CustomConfig FactoryServer
LogConfig: Warning: Found a deprecated ini section name in ../../../FactoryGame/Config/DefaultEngine.ini. Search for [/Script/Engine.TextureLODSettings] and replace with [GlobalDefaults DeviceProfile]
LogAssetRegistry: Premade AssetRegistry loaded from '../../../FactoryGame/AssetRegistry.bin'
LogConfig: Warning: Found a deprecated ini section name in ../../../FactoryGame/Config/DefaultDeviceProfiles.ini. Search for [/Script/Engine.TextureLODSettings] and replace with [GlobalDefaults DeviceProfile]
LogStreaming: Warning: Failed to read file '/config/gamefiles/Cloud/IoStoreOnDemand.ini' error.
LogPluginManager: Mounting Engine plugin Paper2D
LogPluginManager: Mounting Engine plugin AISupport
LogPluginManager: Mounting Engine plugin EnvironmentQueryEditor
LogPluginManager: Mounting Engine plugin ACLPlugin
LogPluginManager: Mounting Engine plugin AnimationData
LogPluginManager: Mounting Engine plugin ControlRigSpline
LogPluginManager: Mounting Engine plugin ControlRig
LogPluginManager: Mounting Engine plugin DeformerGraph
LogPluginManager: Mounting Engine plugin IKRig
LogPluginManager: Mounting Engine plugin Bridge
LogPluginManager: Mounting Engine plugin CameraShakePreviewer
LogPluginManager: Mounting Engine plugin GameplayCameras
LogPluginManager: Mounting Engine plugin LensDistortion
LogPluginManager: Mounting Engine plugin OodleNetwork
LogPluginManager: Mounting Engine plugin DSTelemetry
LogPluginManager: Mounting Engine plugin AnimationSharing
LogPluginManager: Mounting Engine plugin PluginUtils
LogPluginManager: Mounting Engine plugin UObjectPlugin
LogPluginManager: Mounting Engine plugin AssetManagerEditor
LogPluginManager: Mounting Engine plugin BlueprintHeaderView
LogPluginManager: Mounting Engine plugin EditorScriptingUtilities
LogPluginManager: Mounting Engine plugin FacialAnimation
LogPluginManager: Mounting Engine plugin GeometryMode
LogPluginManager: Mounting Engine plugin LightMixer
LogPluginManager: Mounting Engine plugin ObjectMixer
LogPluginManager: Mounting Engine plugin SequencerAnimTools
LogPluginManager: Mounting Engine plugin SpeedTreeImporter
LogPluginManager: Mounting Engine plugin UVEditor
LogPluginManager: Mounting Engine plugin EnhancedInput
LogPluginManager: Found config from plugin[EnhancedInput] Input
LogPluginManager: Mounting Engine plugin DatasmithContent
LogPluginManager: Mounting Engine plugin GLTFExporter
LogPluginManager: Mounting Engine plugin VariantManagerContent
LogPluginManager: Mounting Engine plugin VariantManager
LogPluginManager: Mounting Engine plugin AutomationUtils
LogPluginManager: Mounting Engine plugin BackChannel
LogPluginManager: Mounting Engine plugin BlueprintStats
LogPluginManager: Mounting Engine plugin ChaosCaching
LogPluginManager: Mounting Engine plugin ChaosClothEditor
LogPluginManager: Mounting Engine plugin ChaosCloth
LogPluginManager: Mounting Engine plugin ChaosEditor
LogPluginManager: Mounting Engine plugin ChaosNiagara
LogPluginManager: Mounting Engine plugin ChaosSolverPlugin
LogPluginManager: Mounting Engine plugin ChaosUserDataPT
LogPluginManager: Mounting Engine plugin ChaosVehiclesPlugin
LogPluginManager: Mounting Engine plugin CharacterAI
LogPluginManager: Mounting Engine plugin ControlFlows
LogPluginManager: Mounting Engine plugin Dataflow
LogPluginManager: Mounting Engine plugin Fracture
LogPluginManager: Mounting Engine plugin FullBodyIK
LogPluginManager: Mounting Engine plugin GeometryCollectionPlugin
LogPluginManager: Mounting Engine plugin GeometryScripting
LogPluginManager: Mounting Engine plugin Landmass
LogPluginManager: Mounting Engine plugin LocalizableMessage
LogPluginManager: Mounting Engine plugin PlanarCut
LogPluginManager: Mounting Engine plugin PlatformCrypto
LogPluginManager: Mounting Engine plugin ProxyLODPlugin
LogPluginManager: Mounting Engine plugin PythonScriptPlugin
LogPluginManager: Mounting Engine plugin RawInput
LogPluginManager: Found config from plugin[RawInput] Input
LogPluginManager: Mounting Engine plugin StructUtils
LogPluginManager: Mounting Engine plugin ToolPresets
LogPluginManager: Mounting Engine plugin Niagara
LogPluginManager: Mounting Engine plugin Fab
LogPluginManager: Mounting Engine plugin AlembicImporter
LogPluginManager: Mounting Engine plugin InterchangeEditor
LogPluginManager: Mounting Engine plugin Interchange
LogPluginManager: Mounting Engine plugin ImgMedia
LogPluginManager: Mounting Engine plugin MediaCompositing
LogPluginManager: Mounting Engine plugin MediaPlate
LogPluginManager: Mounting Engine plugin MfMedia
LogPluginManager: Mounting Engine plugin MeshPainting
LogPluginManager: Mounting Engine plugin TcpMessaging
LogPluginManager: Mounting Engine plugin UdpMessaging
LogPluginManager: Mounting Engine plugin ActorSequence
LogPluginManager: Mounting Engine plugin LevelSequenceEditor
LogPluginManager: Mounting Engine plugin SequencerScripting
LogPluginManager: Mounting Engine plugin TemplateSequence
LogPluginManager: Mounting Engine plugin OnlineBase
LogPluginManager: Mounting Engine plugin OnlineFramework
LogPluginManager: Mounting Engine plugin OnlineServicesNull
LogPluginManager: Found config from plugin[OnlineServicesNull] Engine
LogPluginManager: Mounting Engine plugin OnlineServicesOSSAdapter
LogPluginManager: Mounting Engine plugin OnlineServices
LogPluginManager: Mounting Engine plugin OnlineSubsystemNull
LogPluginManager: Mounting Engine plugin OnlineSubsystemUtils
LogPluginManager: Mounting Engine plugin OnlineSubsystem
LogPluginManager: Mounting Engine plugin LauncherChunkInstaller
LogPluginManager: Mounting Engine plugin ActorLayerUtilities
LogPluginManager: Mounting Engine plugin AndroidFileServer
LogPluginManager: Mounting Engine plugin ApexDestruction
LogPluginManager: Mounting Engine plugin AppleImageUtils
LogPluginManager: Mounting Engine plugin AssetTags
LogPluginManager: Mounting Engine plugin AudioCapture
LogPluginManager: Mounting Engine plugin AudioSynesthesia
LogPluginManager: Mounting Engine plugin AudioWidgets
LogPluginManager: Mounting Engine plugin CableComponent
LogPluginManager: Mounting Engine plugin ChunkDownloader
LogPluginManager: Mounting Engine plugin ComputeFramework
LogPluginManager: Mounting Engine plugin CustomMeshComponent
LogPluginManager: Mounting Engine plugin ExampleDeviceProfileSelector
LogPluginManager: Mounting Engine plugin GeometryCache
LogPluginManager: Mounting Engine plugin GeometryProcessing
LogPluginManager: Mounting Engine plugin GooglePAD
LogPluginManager: Mounting Engine plugin HairStrands
LogPluginManager: Mounting Engine plugin LinuxDeviceProfileSelector
LogPluginManager: Mounting Engine plugin MeshModelingToolset
LogPluginManager: Mounting Engine plugin Metasound
LogPluginManager: Mounting Engine plugin ModelViewViewModel
LogPluginManager: Mounting Engine plugin MsQuic
LogPluginManager: Mounting Engine plugin DTLSHandlerComponent
LogPluginManager: Mounting Engine plugin ProceduralMeshComponent
LogPluginManager: Mounting Engine plugin PropertyAccessEditor
LogPluginManager: Mounting Engine plugin ReplicationGraph
LogPluginManager: Mounting Engine plugin ResonanceAudio
LogPluginManager: Mounting Engine plugin RigVM
LogPluginManager: Mounting Engine plugin SignificanceManager
LogPluginManager: Mounting Engine plugin SoundFields
LogPluginManager: Mounting Engine plugin Synthesis
LogPluginManager: Mounting Engine plugin WaveTable
LogPluginManager: Mounting Engine plugin WindowsDeviceProfileSelector
LogPluginManager: Mounting Engine plugin EditorTests
LogPluginManager: Mounting Engine plugin FbxAutomationTestBuilder
LogPluginManager: Mounting Engine plugin FunctionalTestingEditor
LogPluginManager: Mounting Engine plugin InterchangeTests
LogPluginManager: Mounting Engine plugin RuntimeTests
LogPluginManager: Mounting Engine plugin TraceUtilities
LogPluginManager: Mounting Engine plugin Takes
LogPluginManager: Mounting Engine plugin WwiseNiagara
LogPluginManager: Mounting Engine plugin Wwise
LogPluginManager: Mounting Project plugin AbstractInstance
LogPluginManager: Mounting Project plugin EditorTools
LogPluginManager: Mounting Project plugin GameplayEvents
LogPluginManager: Mounting Project plugin InstancedSplines
LogPluginManager: Mounting Project plugin OnlineIntegration
LogPluginManager: Mounting Project plugin SignificanceISPC
LogPackageName: Display: FPackageName: Mount point added: '../../Plugins/2D/Paper2D/Content/' mounted to '/Paper2D/'
LogPackageName: Display: FPackageName: Mount point added: '../../Plugins/Animation/ACLPlugin/Content/' mounted to '/ACLPlugin/'
LogPackageName: Display: FPackageName: Mount point added: '../../Plugins/Animation/ControlRigSpline/Content/' mounted to '/ControlRigSpline/'
LogPackageName: Display: FPackageName: Mount point added: '../../Plugins/Animation/ControlRig/Content/' mounted to '/ControlRig/'
LogPackageName: Display: FPackageName: Mount point added: '../../Plugins/Animation/DeformerGraph/Content/' mounted to '/DeformerGraph/'
LogPackageName: Display: FPackageName: Mount point added: '../../Plugins/Animation/IKRig/Content/' mounted to '/IKRig/'
LogPackageName: Display: FPackageName: Mount point added: '../../Plugins/Bridge/Content/' mounted to '/Bridge/'
LogPackageName: Display: FPackageName: Mount point added: '../../Plugins/Compositing/LensDistortion/Content/' mounted to '/LensDistortion/'
LogPackageName: Display: FPackageName: Mount point added: '../../Plugins/Developer/AnimationSharing/Content/' mounted to '/AnimationSharing/'
LogPackageName: Display: FPackageName: Mount point added: '../../Plugins/Editor/BlueprintHeaderView/Content/' mounted to '/BlueprintHeaderView/'
LogPackageName: Display: FPackageName: Mount point added: '../../Plugins/Editor/GeometryMode/Content/' mounted to '/GeometryMode/'
LogPackageName: Display: FPackageName: Mount point added: '../../Plugins/Editor/ObjectMixer/LightMixer/Content/' mounted to '/LightMixer/'
LogPackageName: Display: FPackageName: Mount point added: '../../Plugins/Editor/ObjectMixer/ObjectMixer/Content/' mounted to '/ObjectMixer/'
LogPackageName: Display: FPackageName: Mount point added: '../../Plugins/Editor/SpeedTreeImporter/Content/' mounted to '/SpeedTreeImporter/'
LogPackageName: Display: FPackageName: Mount point added: '../../Plugins/Editor/UVEditor/Content/' mounted to '/UVEditor/'
LogPackageName: Display: FPackageName: Mount point added: '../../Plugins/Enterprise/DatasmithContent/Content/' mounted to '/DatasmithContent/'
LogPackageName: Display: FPackageName: Mount point added: '../../Plugins/Enterprise/GLTFExporter/Content/' mounted to '/GLTFExporter/'
LogPackageName: Display: FPackageName: Mount point added: '../../Plugins/Experimental/ChaosCaching/Content/' mounted to '/ChaosCaching/'
LogPackageName: Display: FPackageName: Mount point added: '../../Plugins/Experimental/ChaosClothEditor/Content/' mounted to '/ChaosClothEditor/'
LogPackageName: Display: FPackageName: Mount point added: '../../Plugins/Experimental/ChaosNiagara/Content/' mounted to '/ChaosNiagara/'
LogPackageName: Display: FPackageName: Mount point added: '../../Plugins/Experimental/ChaosSolverPlugin/Content/' mounted to '/ChaosSolverPlugin/'
LogPackageName: Display: FPackageName: Mount point added: '../../Plugins/Experimental/ChaosVehiclesPlugin/Content/' mounted to '/ChaosVehiclesPlugin/'
LogPackageName: Display: FPackageName: Mount point added: '../../Plugins/Experimental/ControlFlows/Content/' mounted to '/ControlFlows/'
LogPackageName: Display: FPackageName: Mount point added: '../../Plugins/Experimental/Dataflow/Content/' mounted to '/Dataflow/'
LogPackageName: Display: FPackageName: Mount point added: '../../Plugins/Experimental/FullBodyIK/Content/' mounted to '/FullBodyIK/'
LogPackageName: Display: FPackageName: Mount point added: '../../Plugins/Experimental/GeometryCollectionPlugin/Content/' mounted to '/GeometryCollectionPlugin/'
LogPackageName: Display: FPackageName: Mount point added: '../../Plugins/Experimental/GeometryScripting/Content/' mounted to '/GeometryScripting/'
LogPackageName: Display: FPackageName: Mount point added: '../../Plugins/Experimental/Landmass/Content/' mounted to '/Landmass/'
LogPackageName: Display: FPackageName: Mount point added: '../../Plugins/Experimental/PythonScriptPlugin/Content/' mounted to '/PythonScriptPlugin/'
LogPackageName: Display: FPackageName: Mount point added: '../../Plugins/Experimental/ToolPresets/Content/' mounted to '/ToolPresets/'
LogPackageName: Display: FPackageName: Mount point added: '../../Plugins/FX/Niagara/Content/' mounted to '/Niagara/'
LogPackageName: Display: FPackageName: Mount point added: '../../Plugins/Fab/Content/' mounted to '/Fab/'
LogPackageName: Display: FPackageName: Mount point added: '../../Plugins/Interchange/Runtime/Content/' mounted to '/Interchange/'
LogPackageName: Display: FPackageName: Mount point added: '../../Plugins/Media/MediaCompositing/Content/' mounted to '/MediaCompositing/'
LogPackageName: Display: FPackageName: Mount point added: '../../Plugins/Media/MediaPlate/Content/' mounted to '/MediaPlate/'
LogPackageName: Display: FPackageName: Mount point added: '../../Plugins/MovieScene/SequencerScripting/Content/' mounted to '/SequencerScripting/'
LogPackageName: Display: FPackageName: Mount point added: '../../Plugins/Runtime/AudioSynesthesia/Content/' mounted to '/AudioSynesthesia/'
LogPackageName: Display: FPackageName: Mount point added: '../../Plugins/Runtime/AudioWidgets/Content/' mounted to '/AudioWidgets/'
LogPackageName: Display: FPackageName: Mount point added: '../../Plugins/Runtime/GeometryProcessing/Content/' mounted to '/GeometryProcessing/'
LogPackageName: Display: FPackageName: Mount point added: '../../Plugins/Runtime/HairStrands/Content/' mounted to '/HairStrands/'
LogPackageName: Display: FPackageName: Mount point added: '../../Plugins/Runtime/MeshModelingToolset/Content/' mounted to '/MeshModelingToolset/'
LogPackageName: Display: FPackageName: Mount point added: '../../Plugins/Runtime/Metasound/Content/' mounted to '/Metasound/'
LogPackageName: Display: FPackageName: Mount point added: '../../Plugins/Runtime/ResonanceAudio/Content/' mounted to '/ResonanceAudio/'
LogPackageName: Display: FPackageName: Mount point added: '../../Plugins/Runtime/RigVM/Content/' mounted to '/RigVM/'
LogPackageName: Display: FPackageName: Mount point added: '../../Plugins/Runtime/Synthesis/Content/' mounted to '/Synthesis/'
LogPackageName: Display: FPackageName: Mount point added: '../../Plugins/Runtime/WaveTable/Content/' mounted to '/WaveTable/'
LogPackageName: Display: FPackageName: Mount point added: '../../Plugins/Tests/EditorTests/Content/' mounted to '/EditorTests/'
LogPackageName: Display: FPackageName: Mount point added: '../../Plugins/Tests/RuntimeTests/Content/' mounted to '/RuntimeTests/'
LogPackageName: Display: FPackageName: Mount point added: '../../Plugins/TraceUtilities/Content/' mounted to '/TraceUtilities/'
LogPackageName: Display: FPackageName: Mount point added: '../../Plugins/VirtualProduction/Takes/Content/' mounted to '/Takes/'
LogPackageName: Display: FPackageName: Mount point added: '../../Plugins/WwiseNiagara/Content/' mounted to '/WwiseNiagara/'
LogPackageName: Display: FPackageName: Mount point added: '../../Plugins/Wwise/Content/' mounted to '/Wwise/'
LogPackageName: Display: FPackageName: Mount point added: '../../../FactoryGame/Plugins/AbstractInstance/Content/' mounted to '/AbstractInstance/'
LogPackageName: Display: FPackageName: Mount point added: '../../../FactoryGame/Plugins/EditorTools/Content/' mounted to '/EditorTools/'
LogPackageName: Display: FPackageName: Mount point added: '../../../FactoryGame/Plugins/GameplayEvents/Content/' mounted to '/GameplayEvents/'
LogPackageName: Display: FPackageName: Mount point added: '../../../FactoryGame/Plugins/InstancedSplines/Content/' mounted to '/InstancedSplines/'
LogPackageName: Display: FPackageName: Mount point added: '../../../FactoryGame/Plugins/Online/OnlineIntegration/Content/' mounted to '/OnlineIntegration/'
LogPackageName: Display: FPackageName: Mount point added: '../../../FactoryGame/Plugins/SignificanceISPC/Content/' mounted to '/SignificanceISPC/'
LogHAL: Log category LogOnlineSession verbosity has been raised to Verbose.
LogInit: Using libcurl 8.4.0
LogInit:  - built for x86_64-unknown-linux-gnu
LogInit:  - supports SSL with OpenSSL/1.1.1t
LogInit:  - supports HTTP deflate (compression) using libz 1.2.13
LogInit:  - other features:
LogInit:      CURL_VERSION_SSL
LogInit:      CURL_VERSION_LIBZ
LogInit:      CURL_VERSION_IPV6
LogInit:      CURL_VERSION_ASYNCHDNS
LogInit:      CURL_VERSION_LARGEFILE
LogInit:      CURL_VERSION_TLSAUTH_SRP
LogInit:  CurlRequestOptions (configurable via config and command line):
LogInit:  - bVerifyPeer = true  - Libcurl will verify peer certificate
LogInit:  - bUseHttpProxy = false  - Libcurl will NOT use HTTP proxy
LogInit:  - bDontReuseConnections = false  - Libcurl will reuse connections
LogInit:  - MaxHostConnections = 16  - Libcurl will limit the number of connections to a host
LogInit:  - LocalHostAddr = Default
LogInit:  - BufferSize = 65536
LogOnline: Warning: OSS: TryLoadSubsystemAndSetDefault: LoadSubsystemModule([None]) failed
LogOnline: OSS: Created online subsystem instance for: NULL
LogOnline: OSS: TryLoadSubsystemAndSetDefault: Loaded subsystem for type [NULL]
LogInit: ExecutableName: FactoryServer-Linux-Shipping
LogInit: Build: ++FactoryGame+rel-main-1.0.0-CL-365306
LogInit: Engine Version: 5.3.2-365306+++FactoryGame+rel-main-1.0.0
LogInit: Compatible Engine Version: 5.3.2-365306+++FactoryGame+rel-main-1.0.0
LogInit: Net CL: 365306
LogInit: OS: Ubuntu 22.04.4 LTS (6.2.16-10-pve), CPU: AMD Ryzen 9 5900X 12-Core Processor, GPU: NVIDIA PCI-id: 10de-1401 (1462-3201)
LogInit: Compiled (64-bit): Sep  9 2024 11:32:40
LogInit: Architecture: x64
LogInit: Compiled with Clang: 15.0.1 (https://github.com/llvm/llvm-project b73d2c8c720a8c8e6e73b11be4e27afa6cb75bdf)
LogInit: Build Configuration: Shipping
LogInit: Branch Name: ++FactoryGame+rel-main-1.0.0
LogInit: Command Line: -Port=7777 -ini:Engine:[HTTPServer.Listeners]:DefaultBindAddress=any -ini:Engine:[Core.Log]:LogNet=Error -ini:Engine:[Core.Log]:LogNetTraffic=Warning -ini:Engine:[/Script/FactoryGame.FGSaveSession]:mNumRotatingAutosaves=5 -ini:Engine:[/Script/Engine.GarbageCollectionSettings]:gc.MaxObjectsInEditor=2162688 -ini:Engine:[/Script/OnlineSubsystemUtils.IpNetDriver]:LanServerMaxTickRate=30 -ini:Engine:[/Script/OnlineSubsystemUtils.IpNetDriver]:NetServerMaxTickRate=30 -ini:Engine:[/Script/OnlineSubsystemUtils.IpNetDriver]:ConnectionTimeout=30 -ini:Engine:[/Script/OnlineSubsystemUtils.IpNetDriver]:InitialConnectTimeout=30 -ini:Engine:[ConsoleVariables]:wp.Runtime.EnableServerStreaming=1 -ini:Game:[/Script/Engine.GameSession]:ConnectionTimeout=30 -ini:Game:[/Script/Engine.GameSession]:InitialConnectTimeout=30 -ini:Game:[/Script/Engine.GameSession]:MaxPlayers=6 -ini:GameUserSettings:[/Script/Engine.GameSession]:MaxPlayers=6
LogInit: Base Directory: /config/gamefiles/Engine/Binaries/Linux/
LogInit: Allocator: binned2
LogInit: Installed Engine Build: 0
LogInit: This binary is optimized with LTO: no, PGO: no, instrumented for PGO data collection: no
LogInit: Launcher File: /config/gamefiles/launcher_id
LogInit: Launcher ID: 
LogInit: Launcher Artifact: 
LogInit: Presizing for max 2097152 objects, including 1 objects not considered by GC, pre-allocating 0 bytes for permanent pool.
LogStreaming: Display: AsyncLoading2 - Created: Event Driven Loader: false, Async Loading Thread: true, Async Post Load: true
LogStreaming: Display: AsyncLoading2 - Initialized
LogInit: Object subsystem initialized
[2024.09.12-11.27.37:619][  0]LogLinux: Selected Device Profile: [LinuxServer]
[2024.09.12-11.27.37:619][  0]LogInit: Selected Device Profile: [LinuxServer]
[2024.09.12-11.27.37:619][  0]LogHAL: Display: Platform has ~ 63 GB [67312029696 / 68719476736 / 63], which maps to Largest [LargestMinGB=32, LargerMinGB=12, DefaultMinGB=8, SmallerMinGB=6, SmallestMinGB=0)
[2024.09.12-11.27.37:619][  0]LogDeviceProfileManager: Going up to parent DeviceProfile [Linux]
[2024.09.12-11.27.37:619][  0]LogDeviceProfileManager: Going up to parent DeviceProfile []
[2024.09.12-11.27.37:619][  0]LogInit: Unix hardware info:
[2024.09.12-11.27.37:619][  0]LogInit:  - we are the first instance of this executable
[2024.09.12-11.27.37:619][  0]LogInit:  - this process' id (pid) is 175, parent process' id (ppid) is 1
[2024.09.12-11.27.37:619][  0]LogInit:  - we are not running under debugger
[2024.09.12-11.27.37:619][  0]LogInit:  - machine network name is 'satisfactory-server'
[2024.09.12-11.27.37:619][  0]LogInit:  - user name is 'steam' (steam)
[2024.09.12-11.27.37:619][  0]LogInit:  - we're logged in locally
[2024.09.12-11.27.37:619][  0]LogInit:  - we're running without rendering
[2024.09.12-11.27.37:619][  0]LogInit:  - CPU: AuthenticAMD 'AMD Ryzen 9 5900X 12-Core Processor' (signature: 0xA20F10)
[2024.09.12-11.27.37:619][  0]LogInit:  - Number of physical cores available for the process: 12
[2024.09.12-11.27.37:619][  0]LogInit:  - Number of logical cores available for the process: 24
[2024.09.12-11.27.37:619][  0]LogInit:  - GPU Brand Info: NVIDIA PCI-id: 10de-1401 (1462-3201)
[2024.09.12-11.27.37:619][  0]LogInit:  - Memory allocator used: binned2
[2024.09.12-11.27.37:619][  0]LogInit:  - This is a licensee build.
[2024.09.12-11.27.37:619][  0]LogCore: Benchmarking clocks:
[2024.09.12-11.27.37:619][  0]LogCore:  - CLOCK_MONOTONIC (id=1) can sustain 44104295 (44104K, 44M) calls per second without zero deltas.
[2024.09.12-11.27.37:619][  0]LogCore:  - CLOCK_MONOTONIC_RAW (id=4) can sustain 44120514 (44121K, 44M) calls per second without zero deltas.
[2024.09.12-11.27.37:619][  0]LogCore:  - CLOCK_MONOTONIC_COARSE (id=6) can sustain 212015625 (212016K, 212M) calls per second with 99.999877% zero deltas.
[2024.09.12-11.27.37:619][  0]LogCore: Selected clock_id 4 (CLOCK_MONOTONIC_RAW) since it is the fastest support clock without zero deltas.
[2024.09.12-11.27.37:619][  0]LogInit: Unix-specific commandline switches:
[2024.09.12-11.27.37:619][  0]LogInit:  -ansimalloc - use malloc()/free() from libc (useful for tools like valgrind and electric fence)
[2024.09.12-11.27.37:619][  0]LogInit:  -jemalloc - use jemalloc for all memory allocation
[2024.09.12-11.27.37:619][  0]LogInit:  -binnedmalloc - use binned malloc  for all memory allocation
[2024.09.12-11.27.37:619][  0]LogInit:  -filemapcachesize=NUMBER - set the size for case-sensitive file mapping cache
[2024.09.12-11.27.37:619][  0]LogInit:  -useksm - uses kernel same-page mapping (KSM) for mapped memory (OFF)
[2024.09.12-11.27.37:619][  0]LogInit:  -ksmmergeall - marks all mmap'd memory pages suitable for KSM (OFF)
[2024.09.12-11.27.37:619][  0]LogInit:  -preloadmodulesymbols - Loads the main module symbols file into memory (OFF)
[2024.09.12-11.27.37:619][  0]LogInit:  -sigdfl=SIGNAL - Allows a specific signal to be set to its default handler rather then ignoring the signal
[2024.09.12-11.27.37:619][  0]LogInit:  -crashhandlerstacksize - Allows setting crash handler stack sizes (204800)
[2024.09.12-11.27.37:619][  0]LogInit:  -noexclusivelockonwrite - disables marking files created by the engine as exclusive locked while the engine has them opened
[2024.09.12-11.27.37:619][  0]LogInit:  -httpproxy=ADDRESS:PORT - redirects HTTP requests to a proxy (only supported if compiled with libcurl)
[2024.09.12-11.27.37:619][  0]LogInit:  -reuseconn - allow libcurl to reuse HTTP connections (only matters if compiled with libcurl)
[2024.09.12-11.27.37:619][  0]LogInit:  -virtmemkb=NUMBER - sets process virtual memory (address space) limit (overrides VirtualMemoryLimitInKB value from .ini)
[2024.09.12-11.27.37:619][  0]LogInit:  -allowsyscallfilterfile=PATH_TO_FILE - sets up a system call filter allow list. any invalid syscall in this list *will* cause a crash
[2024.09.12-11.27.37:619][  0]LogInit:  - Physical RAM available (not considering process quota): 63 GB (64193 MB, 65734404 KB, 67312029696 bytes)
[2024.09.12-11.27.37:619][  0]LogInit:  - VirtualMemoryAllocator pools will grow at scale 1.4
[2024.09.12-11.27.37:619][  0]LogInit:  - MemoryRangeDecommit() will will evict the memory from RAM (re-run with -novmapoolevict to change)
[2024.09.12-11.27.37:619][  0]LogInit:  - PageSize 4096
[2024.09.12-11.27.37:619][  0]LogInit:  - BinnedPageSize 65536
[2024.09.12-11.27.37:621][  0]LogInit: Physics initialised using underlying interface: Chaos
[2024.09.12-11.27.37:621][  0]LogInit: Overriding language with engine language configuration option (en-US-Posix).
[2024.09.12-11.27.37:621][  0]LogInit: Overriding language with engine locale configuration option (en-US-Posix).
[2024.09.12-11.27.37:621][  0]LogTextLocalizationManager: No specific localization for 'en-US-Posix' exists, so 'en' will be used for the language.
[2024.09.12-11.27.37:649][  0]LogConfig: Warning: Found a deprecated ini section name in ../../../FactoryGame/Config/DefaultEngine.ini. Search for [/Script/Engine.TextureLODSettings] and replace with [GlobalDefaults DeviceProfile]
[2024.09.12-11.27.37:651][  0]LogRendererCore: Ray tracing is disabled. Reason: disabled through project setting (r.RayTracing=0).
[2024.09.12-11.27.37:656][  0]LogPackageName: Display: FPackageName: Mount point added: '../../Plugins/2D/Paper2D/Content/' mounted to '/Paper2D/'
[2024.09.12-11.27.37:656][  0]LogPackageName: Display: FPackageName: Mount point added: '../../Plugins/Animation/ACLPlugin/Content/' mounted to '/ACLPlugin/'
[2024.09.12-11.27.37:656][  0]LogPackageName: Display: FPackageName: Mount point added: '../../Plugins/Animation/ControlRigSpline/Content/' mounted to '/ControlRigSpline/'
[2024.09.12-11.27.37:656][  0]LogPackageName: Display: FPackageName: Mount point added: '../../Plugins/Animation/ControlRig/Content/' mounted to '/ControlRig/'
[2024.09.12-11.27.37:656][  0]LogPackageName: Display: FPackageName: Mount point added: '../../Plugins/Animation/DeformerGraph/Content/' mounted to '/DeformerGraph/'
[2024.09.12-11.27.37:656][  0]LogPackageName: Display: FPackageName: Mount point added: '../../Plugins/Animation/IKRig/Content/' mounted to '/IKRig/'
[2024.09.12-11.27.37:656][  0]LogPackageName: Display: FPackageName: Mount point added: '../../Plugins/Bridge/Content/' mounted to '/Bridge/'
[2024.09.12-11.27.37:656][  0]LogPackageName: Display: FPackageName: Mount point added: '../../Plugins/Compositing/LensDistortion/Content/' mounted to '/LensDistortion/'
[2024.09.12-11.27.37:656][  0]LogPackageName: Display: FPackageName: Mount point added: '../../Plugins/Developer/AnimationSharing/Content/' mounted to '/AnimationSharing/'
[2024.09.12-11.27.37:656][  0]LogPackageName: Display: FPackageName: Mount point added: '../../Plugins/Editor/BlueprintHeaderView/Content/' mounted to '/BlueprintHeaderView/'
[2024.09.12-11.27.37:656][  0]LogPackageName: Display: FPackageName: Mount point added: '../../Plugins/Editor/GeometryMode/Content/' mounted to '/GeometryMode/'
[2024.09.12-11.27.37:656][  0]LogPackageName: Display: FPackageName: Mount point added: '../../Plugins/Editor/ObjectMixer/LightMixer/Content/' mounted to '/LightMixer/'
[2024.09.12-11.27.37:656][  0]LogPackageName: Display: FPackageName: Mount point added: '../../Plugins/Editor/ObjectMixer/ObjectMixer/Content/' mounted to '/ObjectMixer/'
[2024.09.12-11.27.37:656][  0]LogPackageName: Display: FPackageName: Mount point added: '../../Plugins/Editor/SpeedTreeImporter/Content/' mounted to '/SpeedTreeImporter/'
[2024.09.12-11.27.37:656][  0]LogPackageName: Display: FPackageName: Mount point added: '../../Plugins/Editor/UVEditor/Content/' mounted to '/UVEditor/'
[2024.09.12-11.27.37:656][  0]LogPackageName: Display: FPackageName: Mount point added: '../../Plugins/Enterprise/DatasmithContent/Content/' mounted to '/DatasmithContent/'
[2024.09.12-11.27.37:656][  0]LogPackageName: Display: FPackageName: Mount point added: '../../Plugins/Enterprise/GLTFExporter/Content/' mounted to '/GLTFExporter/'
[2024.09.12-11.27.37:656][  0]LogPackageName: Display: FPackageName: Mount point added: '../../Plugins/Experimental/ChaosCaching/Content/' mounted to '/ChaosCaching/'
[2024.09.12-11.27.37:656][  0]LogPackageName: Display: FPackageName: Mount point added: '../../Plugins/Experimental/ChaosClothEditor/Content/' mounted to '/ChaosClothEditor/'
[2024.09.12-11.27.37:656][  0]LogPackageName: Display: FPackageName: Mount point added: '../../Plugins/Experimental/ChaosNiagara/Content/' mounted to '/ChaosNiagara/'
[2024.09.12-11.27.37:656][  0]LogPackageName: Display: FPackageName: Mount point added: '../../Plugins/Experimental/ChaosSolverPlugin/Content/' mounted to '/ChaosSolverPlugin/'
[2024.09.12-11.27.37:656][  0]LogPackageName: Display: FPackageName: Mount point added: '../../Plugins/Experimental/ChaosVehiclesPlugin/Content/' mounted to '/ChaosVehiclesPlugin/'
[2024.09.12-11.27.37:656][  0]LogPackageName: Display: FPackageName: Mount point added: '../../Plugins/Experimental/ControlFlows/Content/' mounted to '/ControlFlows/'
[2024.09.12-11.27.37:656][  0]LogPackageName: Display: FPackageName: Mount point added: '../../Plugins/Experimental/Dataflow/Content/' mounted to '/Dataflow/'
[2024.09.12-11.27.37:656][  0]LogPackageName: Display: FPackageName: Mount point added: '../../Plugins/Experimental/FullBodyIK/Content/' mounted to '/FullBodyIK/'
[2024.09.12-11.27.37:656][  0]LogPackageName: Display: FPackageName: Mount point added: '../../Plugins/Experimental/GeometryCollectionPlugin/Content/' mounted to '/GeometryCollectionPlugin/'
[2024.09.12-11.27.37:656][  0]LogPackageName: Display: FPackageName: Mount point added: '../../Plugins/Experimental/GeometryScripting/Content/' mounted to '/GeometryScripting/'
[2024.09.12-11.27.37:656][  0]LogPackageName: Display: FPackageName: Mount point added: '../../Plugins/Experimental/Landmass/Content/' mounted to '/Landmass/'
[2024.09.12-11.27.37:656][  0]LogPackageName: Display: FPackageName: Mount point added: '../../Plugins/Experimental/PythonScriptPlugin/Content/' mounted to '/PythonScriptPlugin/'
[2024.09.12-11.27.37:656][  0]LogPackageName: Display: FPackageName: Mount point added: '../../Plugins/Experimental/ToolPresets/Content/' mounted to '/ToolPresets/'
[2024.09.12-11.27.37:656][  0]LogPackageName: Display: FPackageName: Mount point added: '../../Plugins/FX/Niagara/Content/' mounted to '/Niagara/'
[2024.09.12-11.27.37:656][  0]LogPackageName: Display: FPackageName: Mount point added: '../../Plugins/Fab/Content/' mounted to '/Fab/'
[2024.09.12-11.27.37:656][  0]LogPackageName: Display: FPackageName: Mount point added: '../../Plugins/Interchange/Runtime/Content/' mounted to '/Interchange/'
[2024.09.12-11.27.37:656][  0]LogPackageName: Display: FPackageName: Mount point added: '../../Plugins/Media/MediaCompositing/Content/' mounted to '/MediaCompositing/'
[2024.09.12-11.27.37:656][  0]LogPackageName: Display: FPackageName: Mount point added: '../../Plugins/Media/MediaPlate/Content/' mounted to '/MediaPlate/'
[2024.09.12-11.27.37:656][  0]LogPackageName: Display: FPackageName: Mount point added: '../../Plugins/MovieScene/SequencerScripting/Content/' mounted to '/SequencerScripting/'
[2024.09.12-11.27.37:656][  0]LogPackageName: Display: FPackageName: Mount point added: '../../Plugins/Runtime/AudioSynesthesia/Content/' mounted to '/AudioSynesthesia/'
[2024.09.12-11.27.37:656][  0]LogPackageName: Display: FPackageName: Mount point added: '../../Plugins/Runtime/AudioWidgets/Content/' mounted to '/AudioWidgets/'
[2024.09.12-11.27.37:656][  0]LogPackageName: Display: FPackageName: Mount point added: '../../Plugins/Runtime/GeometryProcessing/Content/' mounted to '/GeometryProcessing/'
[2024.09.12-11.27.37:656][  0]LogPackageName: Display: FPackageName: Mount point added: '../../Plugins/Runtime/HairStrands/Content/' mounted to '/HairStrands/'
[2024.09.12-11.27.37:656][  0]LogPackageName: Display: FPackageName: Mount point added: '../../Plugins/Runtime/MeshModelingToolset/Content/' mounted to '/MeshModelingToolset/'
[2024.09.12-11.27.37:656][  0]LogPackageName: Display: FPackageName: Mount point added: '../../Plugins/Runtime/Metasound/Content/' mounted to '/Metasound/'
[2024.09.12-11.27.37:656][  0]LogPackageName: Display: FPackageName: Mount point added: '../../Plugins/Runtime/ResonanceAudio/Content/' mounted to '/ResonanceAudio/'
[2024.09.12-11.27.37:656][  0]LogPackageName: Display: FPackageName: Mount point added: '../../Plugins/Runtime/RigVM/Content/' mounted to '/RigVM/'
[2024.09.12-11.27.37:656][  0]LogPackageName: Display: FPackageName: Mount point added: '../../Plugins/Runtime/Synthesis/Content/' mounted to '/Synthesis/'
[2024.09.12-11.27.37:656][  0]LogPackageName: Display: FPackageName: Mount point added: '../../Plugins/Runtime/WaveTable/Content/' mounted to '/WaveTable/'
[2024.09.12-11.27.37:656][  0]LogPackageName: Display: FPackageName: Mount point added: '../../Plugins/Tests/EditorTests/Content/' mounted to '/EditorTests/'
[2024.09.12-11.27.37:656][  0]LogPackageName: Display: FPackageName: Mount point added: '../../Plugins/Tests/RuntimeTests/Content/' mounted to '/RuntimeTests/'
[2024.09.12-11.27.37:656][  0]LogPackageName: Display: FPackageName: Mount point added: '../../Plugins/TraceUtilities/Content/' mounted to '/TraceUtilities/'
[2024.09.12-11.27.37:656][  0]LogPackageName: Display: FPackageName: Mount point added: '../../Plugins/VirtualProduction/Takes/Content/' mounted to '/Takes/'
[2024.09.12-11.27.37:656][  0]LogPackageName: Display: FPackageName: Mount point added: '../../Plugins/WwiseNiagara/Content/' mounted to '/WwiseNiagara/'
[2024.09.12-11.27.37:656][  0]LogPackageName: Display: FPackageName: Mount point added: '../../Plugins/Wwise/Content/' mounted to '/Wwise/'
[2024.09.12-11.27.37:656][  0]LogPackageName: Display: FPackageName: Mount point added: '../../../FactoryGame/Plugins/AbstractInstance/Content/' mounted to '/AbstractInstance/'
[2024.09.12-11.27.37:656][  0]LogPackageName: Display: FPackageName: Mount point added: '../../../FactoryGame/Plugins/EditorTools/Content/' mounted to '/EditorTools/'
[2024.09.12-11.27.37:656][  0]LogPackageName: Display: FPackageName: Mount point added: '../../../FactoryGame/Plugins/GameplayEvents/Content/' mounted to '/GameplayEvents/'
[2024.09.12-11.27.37:656][  0]LogPackageName: Display: FPackageName: Mount point added: '../../../FactoryGame/Plugins/InstancedSplines/Content/' mounted to '/InstancedSplines/'
[2024.09.12-11.27.37:656][  0]LogPackageName: Display: FPackageName: Mount point added: '../../../FactoryGame/Plugins/Online/OnlineIntegration/Content/' mounted to '/OnlineIntegration/'
[2024.09.12-11.27.37:656][  0]LogPackageName: Display: FPackageName: Mount point added: '../../../FactoryGame/Plugins/SignificanceISPC/Content/' mounted to '/SignificanceISPC/'
[2024.09.12-11.27.37:656][  0]LogInit: Overriding language with engine language configuration option (en-US-Posix).
[2024.09.12-11.27.37:656][  0]LogInit: Overriding language with engine locale configuration option (en-US-Posix).
[2024.09.12-11.27.37:656][  0]LogTextLocalizationManager: No localization for 'en-US-Posix' exists, so 'en-US' will be used for the language.
[2024.09.12-11.27.37:656][  0]LogTextLocalizationManager: No localization for 'en-US-Posix' exists, so 'en-US' will be used for the locale.
[2024.09.12-11.27.37:656][  0]LogTextLocalizationResource: LocRes '../../../FactoryGame/Content/Localization/Game/en-US/Game.locres' could not be opened for reading!
[2024.09.12-11.27.37:657][  0]LogTextLocalizationResource: LocRes '../../../FactoryGame/Content/Localization/InputKeys/en-US/InputKeys.locres' could not be opened for reading!
[2024.09.12-11.27.37:657][  0]LogTextLocalizationResource: LocRes '../../../FactoryGame/Content/Localization/Narrative/en-US/Narrative.locres' could not be opened for reading!
[2024.09.12-11.27.37:657][  0]LogTextLocalizationResource: LocRes '../../../FactoryGame/Content/Localization/AllStringTables/en-US/AllStringTables.locres' could not be opened for reading!
[2024.09.12-11.27.37:657][  0]LogTextLocalizationResource: LocRes '../../../Engine/Content/Localization/Engine/en-US/Engine.locres' could not be opened for reading!
[2024.09.12-11.27.37:657][  0]LogTextLocalizationResource: LocRes '../../../Engine/Plugins/Online/OnlineFramework/Content/Localization/OnlineFramework/en-US/OnlineFramework.locres' could not be opened for reading!
[2024.09.12-11.27.37:657][  0]LogTextLocalizationResource: LocRes '../../../Engine/Plugins/Online/OnlineSubsystemUtils/Content/Localization/OnlineSubsystemUtils/en-US/OnlineSubsystemUtils.locres' could not be opened for reading!
[2024.09.12-11.27.37:657][  0]LogTextLocalizationResource: LocRes '../../../Engine/Plugins/Online/OnlineSubsystem/Content/Localization/OnlineSubsystem/en-US/OnlineSubsystem.locres' could not be opened for reading!
[2024.09.12-11.27.37:657][  0]LogTextLocalizationResource: LocRes '../../../FactoryGame/Content/Localization/Game/en/Game.locres' could not be opened for reading!
[2024.09.12-11.27.37:657][  0]LogTextLocalizationResource: LocRes '../../../FactoryGame/Content/Localization/InputKeys/en/InputKeys.locres' could not be opened for reading!
[2024.09.12-11.27.37:657][  0]LogTextLocalizationResource: LocRes '../../../FactoryGame/Content/Localization/Narrative/en/Narrative.locres' could not be opened for reading!
[2024.09.12-11.27.37:657][  0]LogTextLocalizationResource: LocRes '../../../FactoryGame/Content/Localization/AllStringTables/en/AllStringTables.locres' could not be opened for reading!
[2024.09.12-11.27.37:658][  0]LogAssetRegistry: FAssetRegistry took 0.0001 seconds to start up
[2024.09.12-11.27.37:698][  0]LogStreaming: Display: FlushAsyncLoading(1): 1 QueuedPackages, 0 AsyncPackages
[2024.09.12-11.27.37:699][  0]LogLinux: Selected Device Profile: [LinuxServer]
[2024.09.12-11.27.37:699][  0]LogDeviceProfileManager: Available device profiles:
[2024.09.12-11.27.37:699][  0]LogDeviceProfileManager: 	[0x7f60a1eaff20][0x7f6131dc9250 66] Linux, 
[2024.09.12-11.27.37:699][  0]LogDeviceProfileManager: 	[0x7f60a1eafd60][0x7f6131dc6dc0 66] LinuxServer, 
[2024.09.12-11.27.37:699][  0]LogDeviceProfileManager: Active device profile: [0x7f60a1eafd60][0x7f6131dc6dc0 66] LinuxServer
[2024.09.12-11.27.37:703][  0]LogTextureEncodingSettings: Display: Texture Encode Speed: Final (cook).
[2024.09.12-11.27.37:703][  0]LogTextureEncodingSettings: Display: Oodle Texture Encode Speed settings: Fast: RDO Off Lambda=0, Effort=Normal Final: RDO Off Lambda=0, Effort=Normal
[2024.09.12-11.27.37:703][  0]LogTextureEncodingSettings: Display: Shared linear texture encoding: Disabled
[2024.09.12-11.27.37:729][  0]LogPackageLocalizationCache: Processed 60 localized package path(s) for 2 prioritized culture(s) in 0.000109 seconds
[2024.09.12-11.27.37:834][  0]LogAudio: Display: Registering Engine Module Parameter Interfaces...
[2024.09.12-11.27.37:836][  0]LogMetasoundEngine: MetaSound Engine Initialized
[2024.09.12-11.27.37:842][  0]LogWwiseNiagara: Display: Initializing default Niagara.
[2024.09.12-11.27.37:865][  0]LogStringTable: Warning: Failed to find string table entry for 'Menus_UI' 'Players/Messages/YouGotKicked'. Did you forget to add a string table redirector?
[2024.09.12-11.27.37:865][  0]LogConsoleManager: Warning: Console object named 'SigMan.server.tickrate' already exists but is being registered again, but we weren't expected it to be! (FConsoleManager::AddConsoleObject)
[2024.09.12-11.27.37:865][  0]LogConsoleManager: Warning: Console object named 'SigMan.server.tickrate' already exists but is being registered again, but we weren't expected it to be! (FConsoleManager::AddConsoleObject)
[2024.09.12-11.27.37:865][  0]LogStringTable: Warning: Failed to find string table entry for 'Menus_UI' 'Sessions/JoinSession/Header'. Did you forget to add a string table redirector?
[2024.09.12-11.27.37:865][  0]LogStringTable: Warning: Failed to find string table entry for 'Menus_UI' 'Sessions/JoinSession/Body'. Did you forget to add a string table redirector?
[2024.09.12-11.27.37:865][  0]LogStringTable: Warning: Failed to find string table entry for 'Messages_UI' 'Warnings/JoinSession/FailedToDestroyOldSession'. Did you forget to add a string table redirector?
[2024.09.12-11.27.37:865][  0]LogStringTable: Warning: Failed to find string table entry for 'Messages_UI' 'Warnings/JoinSession/FailedToLookupFriendsId'. Did you forget to add a string table redirector?
[2024.09.12-11.27.37:865][  0]LogStringTable: Warning: Failed to find string table entry for 'Messages_UI' 'Warnings/JoinSession/FailedToLookupHostId'. Did you forget to add a string table redirector?
[2024.09.12-11.27.37:865][  0]LogStringTable: Warning: Failed to find string table entry for 'Messages_UI' 'Warnings/JoinSession/FailedToJoinSession'. Did you forget to add a string table redirector?
[2024.09.12-11.27.37:865][  0]LogConsoleManager: Warning: Console object named 'SigMan.server.tickrate' already exists but is being registered again, but we weren't expected it to be! (FConsoleManager::AddConsoleObject)
[2024.09.12-11.27.37:865][  0]LogStringTable: Warning: Failed to find string table entry for 'Menus_UI' 'Sessions/Errors/OfflineFallback/aTitle'. Did you forget to add a string table redirector?
[2024.09.12-11.27.37:865][  0]LogStringTable: Warning: Failed to find string table entry for 'Menus_UI' 'Sessions/Errors/OfflineFallback/Body'. Did you forget to add a string table redirector?
[2024.09.12-11.27.37:865][  0]LogConsoleManager: Warning: Console object named 'SigMan.server.tickrate' already exists but is being registered again, but we weren't expected it to be! (FConsoleManager::AddConsoleObject)
[2024.09.12-11.27.37:898][  0]LogStats: UGameplayTagsManager::InitializeManager -  0.001 s
[2024.09.12-11.27.37:926][  0]LogLocaTools: Loading up all available csv stringtables at: Localization/StringTables
[2024.09.12-11.27.37:926][  0]LogLocaTools: Loading up stringtable as Architecture_Data at: ../../../FactoryGame/Content/Localization/StringTables/Architecture_Data.csv
[2024.09.12-11.27.37:926][  0]LogLocaTools: Loading up stringtable: Content/Localization/StringTables/Architecture_Data.csv
[2024.09.12-11.27.37:926][  0]LogLocaTools: Loading up stringtable as AWESOME_Data at: ../../../FactoryGame/Content/Localization/StringTables/AWESOME_Data.csv
[2024.09.12-11.27.37:926][  0]LogLocaTools: Loading up stringtable: Content/Localization/StringTables/AWESOME_Data.csv
[2024.09.12-11.27.37:926][  0]LogLocaTools: Loading up stringtable as AWESOME_UI at: ../../../FactoryGame/Content/Localization/StringTables/AWESOME_UI.csv
[2024.09.12-11.27.37:926][  0]LogLocaTools: Loading up stringtable: Content/Localization/StringTables/AWESOME_UI.csv
[2024.09.12-11.27.37:926][  0]LogLocaTools: Loading up stringtable as Buildables_Data at: ../../../FactoryGame/Content/Localization/StringTables/Buildables_Data.csv
[2024.09.12-11.27.37:926][  0]LogLocaTools: Loading up stringtable: Content/Localization/StringTables/Buildables_Data.csv
[2024.09.12-11.27.37:927][  0]LogLocaTools: Loading up stringtable as Buildables_UI at: ../../../FactoryGame/Content/Localization/StringTables/Buildables_UI.csv
[2024.09.12-11.27.37:927][  0]LogLocaTools: Loading up stringtable: Content/Localization/StringTables/Buildables_UI.csv
[2024.09.12-11.27.37:928][  0]LogLocaTools: Loading up stringtable as Codex_UI at: ../../../FactoryGame/Content/Localization/StringTables/Codex_UI.csv
[2024.09.12-11.27.37:928][  0]LogLocaTools: Loading up stringtable: Content/Localization/StringTables/Codex_UI.csv
[2024.09.12-11.27.37:928][  0]LogLocaTools: Loading up stringtable as Credits_UI at: ../../../FactoryGame/Content/Localization/StringTables/Credits_UI.csv
[2024.09.12-11.27.37:928][  0]LogLocaTools: Loading up stringtable: Content/Localization/StringTables/Credits_UI.csv
[2024.09.12-11.27.37:928][  0]LogLocaTools: Loading up stringtable as Customization_Data at: ../../../FactoryGame/Content/Localization/StringTables/Customization_Data.csv
[2024.09.12-11.27.37:928][  0]LogLocaTools: Loading up stringtable: Content/Localization/StringTables/Customization_Data.csv
[2024.09.12-11.27.37:928][  0]LogLocaTools: Loading up stringtable as Customization_UI at: ../../../FactoryGame/Content/Localization/StringTables/Customization_UI.csv
[2024.09.12-11.27.37:928][  0]LogLocaTools: Loading up stringtable: Content/Localization/StringTables/Customization_UI.csv
[2024.09.12-11.27.37:928][  0]LogLocaTools: Loading up stringtable as Emotes_Data at: ../../../FactoryGame/Content/Localization/StringTables/Emotes_Data.csv
[2024.09.12-11.27.37:928][  0]LogLocaTools: Loading up stringtable: Content/Localization/StringTables/Emotes_Data.csv
[2024.09.12-11.27.37:928][  0]LogLocaTools: Loading up stringtable as Equipment_Data at: ../../../FactoryGame/Content/Localization/StringTables/Equipment_Data.csv
[2024.09.12-11.27.37:928][  0]LogLocaTools: Loading up stringtable: Content/Localization/StringTables/Equipment_Data.csv
[2024.09.12-11.27.37:929][  0]LogLocaTools: Loading up stringtable as FICSMAS_Data at: ../../../FactoryGame/Content/Localization/StringTables/FICSMAS_Data.csv
[2024.09.12-11.27.37:929][  0]LogLocaTools: Loading up stringtable: Content/Localization/StringTables/FICSMAS_Data.csv
[2024.09.12-11.27.37:929][  0]LogLocaTools: Loading up stringtable as FICSMAS_UI at: ../../../FactoryGame/Content/Localization/StringTables/FICSMAS_UI.csv
[2024.09.12-11.27.37:929][  0]LogLocaTools: Loading up stringtable: Content/Localization/StringTables/FICSMAS_UI.csv
[2024.09.12-11.27.37:929][  0]LogLocaTools: Loading up stringtable as Gamepads_UI at: ../../../FactoryGame/Content/Localization/StringTables/Gamepads_UI.csv
[2024.09.12-11.27.37:929][  0]LogLocaTools: Loading up stringtable: Content/Localization/StringTables/Gamepads_UI.csv
[2024.09.12-11.27.37:929][  0]LogLocaTools: Loading up stringtable as GamepadsMappings_UI at: ../../../FactoryGame/Content/Localization/StringTables/GamepadsMappings_UI.csv
[2024.09.12-11.27.37:929][  0]LogLocaTools: Loading up stringtable: Content/Localization/StringTables/GamepadsMappings_UI.csv
[2024.09.12-11.27.37:929][  0]LogLocaTools: Loading up stringtable as General_UI at: ../../../FactoryGame/Content/Localization/StringTables/General_UI.csv
[2024.09.12-11.27.37:929][  0]LogLocaTools: Loading up stringtable: Content/Localization/StringTables/General_UI.csv
[2024.09.12-11.27.37:929][  0]LogLocaTools: Loading up stringtable as HUB_UI at: ../../../FactoryGame/Content/Localization/StringTables/HUB_UI.csv
[2024.09.12-11.27.37:929][  0]LogLocaTools: Loading up stringtable: Content/Localization/StringTables/HUB_UI.csv
[2024.09.12-11.27.37:930][  0]LogLocaTools: Loading up stringtable as IconLibrary_Data at: ../../../FactoryGame/Content/Localization/StringTables/IconLibrary_Data.csv
[2024.09.12-11.27.37:930][  0]LogLocaTools: Loading up stringtable: Content/Localization/StringTables/IconLibrary_Data.csv
[2024.09.12-11.27.37:930][  0]LogLocaTools: Loading up stringtable as Items_Data at: ../../../FactoryGame/Content/Localization/StringTables/Items_Data.csv
[2024.09.12-11.27.37:930][  0]LogLocaTools: Loading up stringtable: Content/Localization/StringTables/Items_Data.csv
[2024.09.12-11.27.37:931][  0]LogLocaTools: Loading up stringtable as MAM_Data at: ../../../FactoryGame/Content/Localization/StringTables/MAM_Data.csv
[2024.09.12-11.27.37:931][  0]LogLocaTools: Loading up stringtable: Content/Localization/StringTables/MAM_Data.csv
[2024.09.12-11.27.37:931][  0]LogLocaTools: Loading up stringtable as MAM_UI at: ../../../FactoryGame/Content/Localization/StringTables/MAM_UI.csv
[2024.09.12-11.27.37:931][  0]LogLocaTools: Loading up stringtable: Content/Localization/StringTables/MAM_UI.csv
[2024.09.12-11.27.37:931][  0]LogLocaTools: Loading up stringtable as Map_UI at: ../../../FactoryGame/Content/Localization/StringTables/Map_UI.csv
[2024.09.12-11.27.37:931][  0]LogLocaTools: Loading up stringtable: Content/Localization/StringTables/Map_UI.csv
[2024.09.12-11.27.37:931][  0]LogLocaTools: Loading up stringtable as Menus_UI at: ../../../FactoryGame/Content/Localization/StringTables/Menus_UI.csv
[2024.09.12-11.27.37:931][  0]LogLocaTools: Loading up stringtable: Content/Localization/StringTables/Menus_UI.csv
[2024.09.12-11.27.37:933][  0]LogLocaTools: Loading up stringtable as Messages_UI at: ../../../FactoryGame/Content/Localization/StringTables/Messages_UI.csv
[2024.09.12-11.27.37:933][  0]LogLocaTools: Loading up stringtable: Content/Localization/StringTables/Messages_UI.csv
[2024.09.12-11.27.37:933][  0]LogLocaTools: Loading up stringtable as Minigame_UI at: ../../../FactoryGame/Content/Localization/StringTables/Minigame_UI.csv
[2024.09.12-11.27.37:933][  0]LogLocaTools: Loading up stringtable: Content/Localization/StringTables/Minigame_UI.csv
[2024.09.12-11.27.37:933][  0]LogLocaTools: Loading up stringtable as Onboarding at: ../../../FactoryGame/Content/Localization/StringTables/Onboarding.csv
[2024.09.12-11.27.37:933][  0]LogLocaTools: Loading up stringtable: Content/Localization/StringTables/Onboarding.csv
[2024.09.12-11.27.37:933][  0]LogLocaTools: Loading up stringtable as Options_Data at: ../../../FactoryGame/Content/Localization/StringTables/Options_Data.csv
[2024.09.12-11.27.37:933][  0]LogLocaTools: Loading up stringtable: Content/Localization/StringTables/Options_Data.csv
[2024.09.12-11.27.37:934][  0]LogLocaTools: Loading up stringtable as OptionsInputs_Data at: ../../../FactoryGame/Content/Localization/StringTables/OptionsInputs_Data.csv
[2024.09.12-11.27.37:934][  0]LogLocaTools: Loading up stringtable: Content/Localization/StringTables/OptionsInputs_Data.csv
[2024.09.12-11.27.37:934][  0]LogLocaTools: Loading up stringtable as Player_UI at: ../../../FactoryGame/Content/Localization/StringTables/Player_UI.csv
[2024.09.12-11.27.37:934][  0]LogLocaTools: Loading up stringtable: Content/Localization/StringTables/Player_UI.csv
[2024.09.12-11.27.37:935][  0]LogLocaTools: Loading up stringtable as Schematics_Data at: ../../../FactoryGame/Content/Localization/StringTables/Schematics_Data.csv
[2024.09.12-11.27.37:935][  0]LogLocaTools: Loading up stringtable: Content/Localization/StringTables/Schematics_Data.csv
[2024.09.12-11.27.37:935][  0]LogLocaTools: Loading up stringtable as Transportation_UI at: ../../../FactoryGame/Content/Localization/StringTables/Transportation_UI.csv
[2024.09.12-11.27.37:935][  0]LogLocaTools: Loading up stringtable: Content/Localization/StringTables/Transportation_UI.csv
[2024.09.12-11.27.37:936][  0]LogLocaTools: Loading up stringtable as Units_UI at: ../../../FactoryGame/Content/Localization/StringTables/Units_UI.csv
[2024.09.12-11.27.37:936][  0]LogLocaTools: Loading up stringtable: Content/Localization/StringTables/Units_UI.csv
[2024.09.12-11.27.37:936][  0]LogLocaTools: Loading up stringtable as World_Data at: ../../../FactoryGame/Content/Localization/StringTables/World_Data.csv
[2024.09.12-11.27.37:936][  0]LogLocaTools: Loading up stringtable: Content/Localization/StringTables/World_Data.csv
[2024.09.12-11.27.37:960][  0]LogAudioCaptureCore: Display: No Audio Capture implementations found. Audio input will be silent.
[2024.09.12-11.27.37:960][  0]LogAudioCaptureCore: Display: No Audio Capture implementations found. Audio input will be silent.
[2024.09.12-11.27.37:962][  0]LogSlateStyle: Warning: Missing Resource from 'CoreStyle' Style: 'Unable to find Brush 'Sequencer.Timeline.VanillaScrubHandleDown'.'
[2024.09.12-11.27.37:975][  0]LogUObjectArray: 36776 objects as part of root set at end of initial load.
[2024.09.12-11.27.37:975][  0]LogUObjectArray: 1271 objects are not in the root set, but can never be destroyed because they are in the DisregardForGC set.
[2024.09.12-11.27.37:975][  0]LogUObjectAllocator: 11346544 out of 0 bytes used by permanent object pool.
[2024.09.12-11.27.37:975][  0]LogUObjectArray: CloseDisregardForGC: 36776/36776 objects in disregard for GC pool
[2024.09.12-11.27.37:981][  0]LogStreaming: Display: AsyncLoading2 - NotifyRegistrationComplete: Registered 33257 public script object entries (913.81 KB)
[2024.09.12-11.27.37:981][  0]LogStreaming: Display: AsyncLoading2 - Thread Started: true, IsInitialLoad: false
[2024.09.12-11.27.37:982][  0]LogEngine: Initializing Engine...
[2024.09.12-11.27.37:982][  0]LogStreaming: Warning: Failed to read file '../../../FactoryGame/Saved/DebugUI/Settings.data' error.
[2024.09.12-11.27.37:990][  0]LogAssetManager: Display: Ignoring PrimaryAssetType Profiling - Conflicts with Map - Asset: Map_UI-Profile
[2024.09.12-11.27.37:992][  0]LogInit: Initializing FReadOnlyCVARCache
[2024.09.12-11.27.37:992][  0]LogNetVersion: Set ProjectVersion to 0.0.1.0. Version Checksum will be recalculated on next use.
[2024.09.12-11.27.37:992][  0]LogInit: Texture streaming: Disabled
[2024.09.12-11.27.37:994][  0]LogUserSetting: Initializing user settings
[2024.09.12-11.27.38:027][  0]LogLoad: Loading WwiseSoundEngine module: WwiseSoundEngine
[2024.09.12-11.27.38:027][  0]LogWwiseSoundEngine: Display: Loading Wwise Sound Engine version 2022.1
[2024.09.12-11.27.38:027][  0]LogAkAudio: FAkAudioModule::StartupModule: Couldn't initialize FAkAudioDevice. AkAudioModule will not be fully initialized.
[2024.09.12-11.27.38:032][  0]LogChaos: FPhysicsSolverBase::AsyncDt:-1.000000
[2024.09.12-11.27.38:033][  0]LogOnlineSchema: Error: Invalid schema category lobby: Service descriptor id lobby not found.
[2024.09.12-11.27.38:033][  0]LogOnlineSchema: Error: Invalid schema category lobbymember: Service descriptor id lobbymember not found.
[2024.09.12-11.27.38:033][  0]LogOnlineServices: Error: [FLobbiesCommon::Initialize] Failed to initialize schema registry
[2024.09.12-11.27.38:033][  0]LogOnlineIntegration: Initialized 'NULL' online backend
[2024.09.12-11.27.38:034][  0]LogCommonUser: HandleNetworkConnectionStatusChanged(Context:Offline, ServiceName:, OldStatus:NotConnected, NewStatus:Connected)
[2024.09.12-11.27.38:034][  0]LogStreaming: Warning: Failed to read file '/home/steam/.config/Epic/FactoryGame/Saved/SaveGames/ServerSettings.7777.sav' error.
[2024.09.12-11.27.38:034][  0]LogHttpServerModule: Starting all listeners...
[2024.09.12-11.27.38:034][  0]LogHttpServerModule: All listeners started
[2024.09.12-11.27.38:063][  0]LogServer: Display: Generated a new Self-Signed certificate for the Server API (old certificate invalid or expired)
[2024.09.12-11.27.38:063][  0]LogServer: Warning: ==============================================================
[2024.09.12-11.27.38:063][  0]LogServer: Warning: Server API is running using a Self-Signed Certificate.
[2024.09.12-11.27.38:063][  0]LogServer: Warning: To verify the certificate integrity on the Client, make sure the following Fingerprint matches with the Client one: 
[2024.09.12-11.27.38:063][  0]LogServer: Warning: SHA256:Re8Y8l7EB+699kPspYduzdfA9PewDxrATl2tZlL2kRQ=
[2024.09.12-11.27.38:063][  0]LogServer: Warning: ==============================================================
[2024.09.12-11.27.38:063][  0]LogHttpListener: Warning: HttpListener unable to set desired buffer size (524288): Limited to 425984
[2024.09.12-11.27.38:063][  0]LogHttpListener: Created new HttpListener on 0.0.0.0:7777
[2024.09.12-11.27.38:063][  0]LogServer: Display: Server API listening on '0.0.0.0:7777' (Standalone)
[2024.09.12-11.27.38:063][  0]LogGame: MaxNumBackupsaves: 25
[2024.09.12-11.27.38:064][  0]LogLoad: Loading WwiseSoundEngine module: WwiseSoundEngine


[satisfactory-server] 08.10.2026 12:00:10 [2026.10.07-23.00.04:102][827]LogSave: Warning: New/Old Root size mismatch!
[satisfactory-server] 08.10.2026 12:00:10 [2026.10.07-23.00.04:115][827]LogGame: World Serialization (save): 0.069 seconds (game thread)
[satisfactory-server] 08.10.2026 12:00:10 [2026.10.07-23.00.04:247][832]LogGame: Write Backup to Disk and Cleanup time: 0.001 seconds
[satisfactory-server] 08.10.2026 12:00:10 [2026.10.07-23.00.04:247][832]LogGame: Compression: 0.129 seconds (background)
[satisfactory-server] 08.10.2026 12:00:10 [2026.10.07-23.00.04:247][832]LogGame: Write To Disk: 0.001 seconds (background)
[satisfactory-server] 08.10.2026 12:00:10 [2026.10.07-23.00.04:253][832]LogServer: Display: Server startup time elapsed and saving/level loading is done, auto-pause is allowed to proceed from now on (if enabled in server settings). WorldTimeSeconds = 6485.79
[satisfactory-server] 08.10.2026 12:00:10 [2026.10.07-23.00.07:260][922]LogServer: Display: Server startup time elapsed and saving/level loading is done, auto-pause is allowed to proceed from now on (if enabled in server settings). WorldTimeSeconds = 6488.80
[satisfactory-server] 08.10.2026 12:00:10 [2026.10.07-23.00.07:795][938]LogServer: Display: Server startup time elapsed and saving/level loading is done, auto-pause is allowed to proceed from now on (if enabled in server settings). WorldTimeSeconds = 6489.34
[satisfactory-server] 08.10.2026 12:00:10 [2026.10.07-23.00.09:436][987]LogServer: Display: Server startup time elapsed and saving/level loading is done, auto-pause is allowed to proceed from now on (if enabled in server settings). WorldTimeSeconds = 6490.97
[satisfactory-server] 08.10.2026 12:01:06 [2026.10.07-23.00.10:770][ 27]LogServer: Display: Server startup time elapsed and saving/level loading is done, auto-pause is allowed to proceed from now on (if enabled in server settings). WorldTimeSeconds = 6492.31
[satisfactory-server] 08.10.2026 12:01:06 [2026.10.07-23.00.11:171][ 39]LogServer: Display: Server startup time elapsed and saving/level loading is done, auto-pause is allowed to proceed from now on (if enabled in server settings). WorldTimeSeconds = 6492.71
[satisfactory-server] 08.10.2026 12:01:06 [2026.10.07-23.00.18:495][258]LogNet: NotifyAcceptingConnection accepted aggregation: [::ffff:192.168.76.168]:59932 (58)
[satisfactory-server] 08.10.2026 12:01:06 [2026.10.07-23.00.18:562][260]LogNet: NotifyAcceptingConnection accepted from: [::ffff:192.168.76.168]:59932
[satisfactory-server] 08.10.2026 12:01:06 [2026.10.07-23.00.18:896][270]LogNet: NotifyAcceptingConnection accepted from: [::ffff:192.168.76.168]:59932
[satisfactory-server] 08.10.2026 12:01:06 [2026.10.07-23.00.19:231][280]LogNet: NotifyAcceptingConnection accepted from: [::ffff:192.168.76.168]:59932
[satisfactory-server] 08.10.2026 12:01:06 [2026.10.07-23.00.19:566][290]LogNet: NotifyAcceptingConnection accepted from: [::ffff:192.168.76.168]:59932
[satisfactory-server] 08.10.2026 12:01:06 [2026.10.07-23.00.24:352][433]LogInventory: Warning: Add failed cause InventoryItemClass was null, num 0, component 'inventory'
[satisfactory-server] 08.10.2026 12:01:06 [2026.10.07-23.00.38:164][846]LogNet: NotifyAcceptingConnection accepted aggregation: [::ffff:192.168.76.168]:59932 (58)
[satisfactory-server] 08.10.2026 12:01:06 [2026.10.07-23.00.38:298][850]LogNet: NotifyAcceptingConnection accepted from: [::ffff:192.168.76.168]:59932
[satisfactory-server] 08.10.2026 12:01:06 [2026.10.07-23.00.38:633][860]LogNet: NotifyAcceptingConnection accepted from: [::ffff:192.168.76.168]:59932
[satisfactory-server] 08.10.2026 12:01:06 [2026.10.07-23.00.39:001][871]LogNet: NotifyAcceptingConnection accepted from: [::ffff:192.168.76.168]:59932
[satisfactory-server] 08.10.2026 12:01:06 [2026.10.07-23.00.39:335][881]LogNet: NotifyAcceptingConnection accepted from: [::ffff:192.168.76.168]:59932
[satisfactory-server] 08.10.2026 12:01:06 [2026.10.07-23.00.45:089][ 53]LogServer: Display: Server startup time elapsed and saving/level loading is done, auto-pause is allowed to proceed from now on (if enabled in server settings). WorldTimeSeconds = 6526.63
[satisfactory-server] 08.10.2026 12:01:06 [2026.10.07-23.00.45:826][ 75]LogServer: Display: Server startup time elapsed and saving/level loading is done, auto-pause is allowed to proceed from now on (if enabled in server settings). WorldTimeSeconds = 6527.37
[satisfactory-server] 08.10.2026 12:01:06 [2026.10.07-23.00.48:970][169]LogServer: Display: Server startup time elapsed and saving/level loading is done, auto-pause is allowed to proceed from now on (if enabled in server settings). WorldTimeSeconds = 6530.51
[satisfactory-server] 08.10.2026 12:01:06 [2026.10.07-23.00.50:609][218]LogServer: Display: Server startup time elapsed and saving/level loading is done, auto-pause is allowed to proceed from now on (if enabled in server settings). WorldTimeSeconds = 6532.15
[satisfactory-server] 08.10.2026 12:01:06 [2026.10.07-23.00.51:144][234]LogServer: Display: Server startup time elapsed and saving/level loading is done, auto-pause is allowed to proceed from now on (if enabled in server settings). WorldTimeSeconds = 6532.69
[satisfactory-server] 08.10.2026 12:01:06 [2026.10.07-23.00.54:624][338]LogServer: Display: Server startup time elapsed and saving/level loading is done, auto-pause is allowed to proceed from now on (if enabled in server settings). WorldTimeSeconds = 6536.17
[satisfactory-server] 08.10.2026 12:01:06 [2026.10.07-23.00.56:595][397]LogNet: NotifyAcceptingConnection accepted aggregation: [::ffff:192.168.76.168]:59932 (54)
[satisfactory-server] 08.10.2026 12:01:06 [2026.10.07-23.00.56:662][399]LogNet: NotifyAcceptingConnection accepted from: [::ffff:192.168.76.168]:59932
[satisfactory-server] 08.10.2026 12:01:06 [2026.10.07-23.00.56:997][409]LogNet: NotifyAcceptingConnection accepted from: [::ffff:192.168.76.168]:59932
[satisfactory-server] 08.10.2026 12:01:06 [2026.10.07-23.00.57:364][420]LogNet: NotifyAcceptingConnection accepted from: [::ffff:192.168.76.168]:59932
[satisfactory-server] 08.10.2026 12:01:06 [2026.10.07-23.00.57:698][430]LogNet: NotifyAcceptingConnection accepted from: [::ffff:192.168.76.168]:59932
[satisfactory-server] 08.10.2026 12:01:06 [2026.10.07-23.01.01:178][534]LogServer: Display: Server startup time elapsed and saving/level loading is done, auto-pause is allowed to proceed from now on (if enabled in server settings). WorldTimeSeconds = 6542.72
[satisfactory-server] 08.10.2026 12:01:06 [2026.10.07-23.01.04:356][629]LogServer: Display: Server startup time elapsed and saving/level loading is done, auto-pause is allowed to proceed from now on (if enabled in server settings). WorldTimeSeconds = 6545.90
[satisfactory-server] 08.10.2026 12:01:23 [2026.10.07-23.01.06:162][683]LogServer: Display: Server startup time elapsed and saving/level loading is done, auto-pause is allowed to proceed from now on (if enabled in server settings). WorldTimeSeconds = 6547.71
[satisfactory-server] 08.10.2026 12:01:23 [2026.10.07-23.01.07:600][726]LogServer: Display: Server startup time elapsed and saving/level loading is done, auto-pause is allowed to proceed from now on (if enabled in server settings). WorldTimeSeconds = 6549.14
[satisfactory-server] 08.10.2026 12:01:23 [2026.10.07-23.01.10:575][815]LogServer: Display: Server startup time elapsed and saving/level loading is done, auto-pause is allowed to proceed from now on (if enabled in server settings). WorldTimeSeconds = 6552.12
[satisfactory-server] 08.10.2026 12:01:23 [2026.10.07-23.01.10:776][821]LogServer: Display: Server startup time elapsed and saving/level loading is done, auto-pause is allowed to proceed from now on (if enabled in server settings). WorldTimeSeconds = 6552.32
[satisfactory-server] 08.10.2026 12:01:23 [2026.10.07-23.01.11:745][850]LogServer: Display: Server startup time elapsed and saving/level loading is done, auto-pause is allowed to proceed from now on (if enabled in server settings). WorldTimeSeconds = 6553.29
[satisfactory-server] 08.10.2026 12:01:23 [2026.10.07-23.01.12:146][862]LogServer: Display: Server startup time elapsed and saving/level loading is done, auto-pause is allowed to proceed from now on (if enabled in server settings). WorldTimeSeconds = 6553.69
[satisfactory-server] 08.10.2026 12:01:23 [2026.10.07-23.01.12:580][875]LogNet: NotifyAcceptingConnection accepted aggregation: [::ffff:192.168.76.168]:59932 (47)
[satisfactory-server] 08.10.2026 12:01:23 [2026.10.07-23.01.12:647][877]LogNet: NotifyAcceptingConnection accepted from: [::ffff:192.168.76.168]:59932
[satisfactory-server] 08.10.2026 12:01:23 [2026.10.07-23.01.12:981][887]LogNet: NotifyAcceptingConnection accepted from: [::ffff:192.168.76.168]:59932
[satisfactory-server] 08.10.2026 12:01:23 [2026.10.07-23.01.13:251][895]LogServer: Display: Server startup time elapsed and saving/level loading is done, auto-pause is allowed to proceed from now on (if enabled in server settings). WorldTimeSeconds = 6554.79
[satisfactory-server] 08.10.2026 12:01:23 [2026.10.07-23.01.13:315][897]LogNet: NotifyAcceptingConnection accepted from: [::ffff:192.168.76.168]:59932
[satisfactory-server] 08.10.2026 12:01:23 [2026.10.07-23.01.13:649][907]LogNet: NotifyAcceptingConnection accepted from: [::ffff:192.168.76.168]:59932
[satisfactory-server] 08.10.2026 12:01:23 [2026.10.07-23.01.14:987][947]LogServer: Display: Server startup time elapsed and saving/level loading is done, auto-pause is allowed to proceed from now on (if enabled in server settings). WorldTimeSeconds = 6556.53
[satisfactory-server] 08.10.2026 12:01:23 [2026.10.07-23.01.15:823][972]LogServer: Display: Server startup time elapsed and saving/level loading is done, auto-pause is allowed to proceed from now on (if enabled in server settings). WorldTimeSeconds = 6557.37
[satisfactory-server] 08.10.2026 12:01:23 [2026.10.07-23.01.16:225][984]LogServer: Display: Server startup time elapsed and saving/level loading is done, auto-pause is allowed to proceed from now on (if enabled in server settings). WorldTimeSeconds = 6557.77
[satisfactory-server] 08.10.2026 12:01:23 [2026.10.07-23.01.20:338][107]LogServer: Display: Server startup time elapsed and saving/level loading is done, auto-pause is allowed to proceed from now on (if enabled in server settings). WorldTimeSeconds = 6561.88
[satisfactory-server] 08.10.2026 12:01:23 [2026.10.07-23.01.22:009][157]LogServer: Display: Server startup time elapsed and saving/level loading is done, auto-pause is allowed to proceed from now on (if enabled in server settings). WorldTimeSeconds = 6563.55
[satisfactory-server] 08.10.2026 12:01:23 [2026.10.07-23.01.22:244][164]LogNet: Warning: UNetDriver::ProcessRemoteFunction: Remote function Multicast_RepActionState called from actor Char_NonFlyingBird_C_2147445459 while actor is being destroyed. Function will not be processed.
[satisfactory-server] 08.10.2026 12:01:23 [2026.10.07-23.01.22:244][164]LogNet: Warning: UNetDriver::ProcessRemoteFunction: Remote function MultiCast_SetLuring called from actor Char_NonFlyingBird_C_2147445459 while actor is being destroyed. Function will not be processed.
[satisfactory-server] 08.10.2026 12:01:23 [2026.10.07-23.01.22:244][164]LogNet: Warning: UNetDriver::ProcessRemoteFunction: Remote function Multicast_RepActionState called from actor Char_NonFlyingBird_C_2147445456 while actor is being destroyed. Function will not be processed.
[satisfactory-server] 08.10.2026 12:01:23 [2026.10.07-23.01.22:244][164]LogNet: Warning: UNetDriver::ProcessRemoteFunction: Remote function MultiCast_SetLuring called from actor Char_NonFlyingBird_C_2147445456 while actor is being destroyed. Function will not be processed.
[satisfactory-server] 08.10.2026 12:01:50 [2026.10.07-23.01.23:949][215]LogServer: Display: Server startup time elapsed and saving/level loading is done, auto-pause is allowed to proceed from now on (if enabled in server settings). WorldTimeSeconds = 6565.49
[satisfactory-server] 08.10.2026 12:01:50 [2026.10.07-23.01.27:629][325]LogServer: Display: Server startup time elapsed and saving/level loading is done, auto-pause is allowed to proceed from now on (if enabled in server settings). WorldTimeSeconds = 6569.17
[satisfactory-server] 08.10.2026 12:01:50 [2026.10.07-23.01.28:866][362]LogServer: Display: Server startup time elapsed and saving/level loading is done, auto-pause is allowed to proceed from now on (if enabled in server settings). WorldTimeSeconds = 6570.41
[satisfactory-server] 08.10.2026 12:01:50 [2026.10.07-23.01.29:167][371]LogServer: Display: Server startup time elapsed and saving/level loading is done, auto-pause is allowed to proceed from now on (if enabled in server settings). WorldTimeSeconds = 6570.71
[satisfactory-server] 08.10.2026 12:01:50 [2026.10.07-23.01.30:538][412]LogNet: NotifyAcceptingConnection accepted aggregation: [::ffff:192.168.76.168]:59932 (53)
[satisfactory-server] 08.10.2026 12:01:50 [2026.10.07-23.01.30:638][415]LogNet: NotifyAcceptingConnection accepted from: [::ffff:192.168.76.168]:59932
[satisfactory-server] 08.10.2026 12:01:50 [2026.10.07-23.01.30:972][425]LogNet: NotifyAcceptingConnection accepted from: [::ffff:192.168.76.168]:59932
[satisfactory-server] 08.10.2026 12:01:50 [2026.10.07-23.01.31:140][430]LogServer: Display: Server startup time elapsed and saving/level loading is done, auto-pause is allowed to proceed from now on (if enabled in server settings). WorldTimeSeconds = 6572.68
[satisfactory-server] 08.10.2026 12:01:50 [2026.10.07-23.01.31:306][435]LogNet: NotifyAcceptingConnection accepted from: [::ffff:192.168.76.168]:59932
[satisfactory-server] 08.10.2026 12:01:50 [2026.10.07-23.01.31:641][445]LogNet: NotifyAcceptingConnection accepted from: [::ffff:192.168.76.168]:59932
[satisfactory-server] 08.10.2026 12:01:50 [2026.10.07-23.01.33:181][491]LogServer: Display: Server startup time elapsed and saving/level loading is done, auto-pause is allowed to proceed from now on (if enabled in server settings). WorldTimeSeconds = 6574.72
[satisfactory-server] 08.10.2026 12:01:50 [2026.10.07-23.01.33:616][504]LogServer: Display: Server startup time elapsed and saving/level loading is done, auto-pause is allowed to proceed from now on (if enabled in server settings). WorldTimeSeconds = 6575.16
[satisfactory-server] 08.10.2026 12:01:50 [2026.10.07-23.01.34:987][545]LogServer: Display: Server startup time elapsed and saving/level loading is done, auto-pause is allowed to proceed from now on (if enabled in server settings). WorldTimeSeconds = 6576.53
[satisfactory-server] 08.10.2026 12:01:50 [2026.10.07-23.01.35:455][559]LogServer: Display: Server startup time elapsed and saving/level loading is done, auto-pause is allowed to proceed from now on (if enabled in server settings). WorldTimeSeconds = 6577.00
[satisfactory-server] 08.10.2026 12:01:50 [2026.10.07-23.01.36:827][600]LogServer: Display: Server startup time elapsed and saving/level loading is done, auto-pause is allowed to proceed from now on (if enabled in server settings). WorldTimeSeconds = 6578.37
[satisfactory-server] 08.10.2026 12:01:50 [2026.10.07-23.01.37:863][631]LogServer: Display: Server startup time elapsed and saving/level loading is done, auto-pause is allowed to proceed from now on (if enabled in server settings). WorldTimeSeconds = 6579.41
[satisfactory-server] 08.10.2026 12:01:50 [2026.10.07-23.01.39:971][694]LogServer: Display: Server startup time elapsed and saving/level loading is done, auto-pause is allowed to proceed from now on (if enabled in server settings). WorldTimeSeconds = 6581.51
[satisfactory-server] 08.10.2026 12:01:50 [2026.10.07-23.01.41:976][754]LogServer: Display: Server startup time elapsed and saving/level loading is done, auto-pause is allowed to proceed from now on (if enabled in server settings). WorldTimeSeconds = 6583.52
[satisfactory-server] 08.10.2026 12:01:50 [2026.10.07-23.01.43:080][787]LogServer: Display: Server startup time elapsed and saving/level loading is done, auto-pause is allowed to proceed from now on (if enabled in server settings). WorldTimeSeconds = 6584.62
[satisfactory-server] 08.10.2026 12:01:50 [2026.10.07-23.01.44:751][837]LogServer: Display: Server startup time elapsed and saving/level loading is done, auto-pause is allowed to proceed from now on (if enabled in server settings). WorldTimeSeconds = 6586.29
[satisfactory-server] 08.10.2026 12:01:50 [2026.10.07-23.01.47:058][906]LogServer: Display: Server startup time elapsed and saving/level loading is done, auto-pause is allowed to proceed from now on (if enabled in server settings). WorldTimeSeconds = 6588.60
[satisfactory-server] 08.10.2026 12:01:50 [2026.10.07-23.01.48:831][959]LogServer: Display: Server startup time elapsed and saving/level loading is done, auto-pause is allowed to proceed from now on (if enabled in server settings). WorldTimeSeconds = 6590.37
[satisfactory-server] 08.10.2026 12:02:15 [2026.10.07-23.01.50:001][994]LogNet: NotifyAcceptingConnection accepted aggregation: [::ffff:192.168.76.168]:59932 (58)
[satisfactory-server] 08.10.2026 12:02:15 [2026.10.07-23.01.50:301][  3]LogNet: NotifyAcceptingConnection accepted from: [::ffff:192.168.76.168]:59932
[satisfactory-server] 08.10.2026 12:02:15 [2026.10.07-23.01.50:636][ 13]LogNet: NotifyAcceptingConnection accepted from: [::ffff:192.168.76.168]:59932
[satisfactory-server] 08.10.2026 12:02:15 [2026.10.07-23.01.50:971][ 23]LogNet: NotifyAcceptingConnection accepted from: [::ffff:192.168.76.168]:59932
[satisfactory-server] 08.10.2026 12:02:15 [2026.10.07-23.01.51:305][ 33]LogNet: NotifyAcceptingConnection accepted from: [::ffff:192.168.76.168]:59932
[satisfactory-server] 08.10.2026 12:02:15 [2026.10.07-23.01.51:540][ 40]LogServer: Display: Server startup time elapsed and saving/level loading is done, auto-pause is allowed to proceed from now on (if enabled in server settings). WorldTimeSeconds = 6593.08
[satisfactory-server] 08.10.2026 12:02:15 [2026.10.07-23.01.52:042][ 55]LogServer: Display: Server startup time elapsed and saving/level loading is done, auto-pause is allowed to proceed from now on (if enabled in server settings). WorldTimeSeconds = 6593.59
[satisfactory-server] 08.10.2026 12:02:15 [2026.10.07-23.01.53:513][ 99]LogServer: Display: Server startup time elapsed and saving/level loading is done, auto-pause is allowed to proceed from now on (if enabled in server settings). WorldTimeSeconds = 6595.06
[satisfactory-server] 08.10.2026 12:02:15 [2026.10.07-23.01.55:487][158]LogServer: Display: Server startup time elapsed and saving/level loading is done, auto-pause is allowed to proceed from now on (if enabled in server settings). WorldTimeSeconds = 6597.03
[satisfactory-server] 08.10.2026 12:02:15 [2026.10.07-23.01.56:624][192]LogServer: Display: Server startup time elapsed and saving/level loading is done, auto-pause is allowed to proceed from now on (if enabled in server settings). WorldTimeSeconds = 6598.17
[satisfactory-server] 08.10.2026 12:02:15 [2026.10.07-23.01.57:227][210]LogServer: Display: Server startup time elapsed and saving/level loading is done, auto-pause is allowed to proceed from now on (if enabled in server settings). WorldTimeSeconds = 6598.77
[satisfactory-server] 08.10.2026 12:02:15 [2026.10.07-23.01.58:364][244]LogServer: Display: Server startup time elapsed and saving/level loading is done, auto-pause is allowed to proceed from now on (if enabled in server settings). WorldTimeSeconds = 6599.91
[satisfactory-server] 08.10.2026 12:02:15 [2026.10.07-23.02.02:042][354]LogServer: Display: Server startup time elapsed and saving/level loading is done, auto-pause is allowed to proceed from now on (if enabled in server settings). WorldTimeSeconds = 6603.59
[satisfactory-server] 08.10.2026 12:02:15 [2026.10.07-23.02.02:343][363]LogServer: Display: Server startup time elapsed and saving/level loading is done, auto-pause is allowed to proceed from now on (if enabled in server settings). WorldTimeSeconds = 6603.89
[satisfactory-server] 08.10.2026 12:02:15 [2026.10.07-23.02.06:323][482]LogServer: Display: Server startup time elapsed and saving/level loading is done, auto-pause is allowed to proceed from now on (if enabled in server settings). WorldTimeSeconds = 6607.87
[satisfactory-server] 08.10.2026 12:02:15 [2026.10.07-23.02.08:730][554]LogServer: Display: Server startup time elapsed and saving/level loading is done, auto-pause is allowed to proceed from now on (if enabled in server settings). WorldTimeSeconds = 6610.27
[satisfactory-server] 08.10.2026 12:02:15 [2026.10.07-23.02.09:364][573]LogNet: NotifyAcceptingConnection accepted aggregation: [::ffff:192.168.76.168]:59932 (57)
[satisfactory-server] 08.10.2026 12:02:15 [2026.10.07-23.02.09:565][579]LogNet: NotifyAcceptingConnection accepted from: [::ffff:192.168.76.168]:59932
[satisfactory-server] 08.10.2026 12:02:15 [2026.10.07-23.02.09:899][589]LogNet: NotifyAcceptingConnection accepted from: [::ffff:192.168.76.168]:59932
[satisfactory-server] 08.10.2026 12:02:15 [2026.10.07-23.02.10:200][598]LogNet: NotifyAcceptingConnection accepted from: [::ffff:192.168.76.168]:59932
[satisfactory-server] 08.10.2026 12:02:15 [2026.10.07-23.02.10:535][608]LogNet: NotifyAcceptingConnection accepted from: [::ffff:192.168.76.168]:59932
[satisfactory-server] 08.10.2026 12:02:15 [2026.10.07-23.02.10:569][609]LogServer: Display: Server startup time elapsed and saving/level loading is done, auto-pause is allowed to proceed from now on (if enabled in server settings). WorldTimeSeconds = 6612.11
[satisfactory-server] 08.10.2026 12:02:15 [2026.10.07-23.02.13:712][703]LogServer: Display: Server startup time elapsed and saving/level loading is done, auto-pause is allowed to proceed from now on (if enabled in server settings). WorldTimeSeconds = 6615.26
[satisfactory-server] 08.10.2026 12:03:07 [2026.10.07-23.02.15:016][742]LogServer: Display: Server startup time elapsed and saving/level loading is done, auto-pause is allowed to proceed from now on (if enabled in server settings). WorldTimeSeconds = 6616.56
[satisfactory-server] 08.10.2026 12:03:07 [2026.10.07-23.02.17:525][817]LogServer: Display: Server startup time elapsed and saving/level loading is done, auto-pause is allowed to proceed from now on (if enabled in server settings). WorldTimeSeconds = 6619.07
[satisfactory-server] 08.10.2026 12:03:07 [2026.10.07-23.02.19:798][885]LogServer: Display: Server startup time elapsed and saving/level loading is done, auto-pause is allowed to proceed from now on (if enabled in server settings). WorldTimeSeconds = 6621.34
[satisfactory-server] 08.10.2026 12:03:07 [2026.10.07-23.02.21:537][937]LogWeather: [Frame #1384937] Weather state BeginPlay for BP_Weather_Windy_Weak_C_2147445124
[satisfactory-server] 08.10.2026 12:03:07 [2026.10.07-23.02.21:537][937]LogWeather: [Frame #1384937] Destroying Weather State BP_Weather_Rain_Medium_C_2147447380
[satisfactory-server] 08.10.2026 12:03:07 [2026.10.07-23.02.26:017][ 71]LogServer: Display: Server startup time elapsed and saving/level loading is done, auto-pause is allowed to proceed from now on (if enabled in server settings). WorldTimeSeconds = 6627.56
[satisfactory-server] 08.10.2026 12:03:07 [2026.10.07-23.02.28:591][148]LogNet: NotifyAcceptingConnection accepted aggregation: [::ffff:192.168.76.168]:59932 (57)
[satisfactory-server] 08.10.2026 12:03:07 [2026.10.07-23.02.28:725][152]LogNet: NotifyAcceptingConnection accepted from: [::ffff:192.168.76.168]:59932
[satisfactory-server] 08.10.2026 12:03:07 [2026.10.07-23.02.29:059][162]LogNet: NotifyAcceptingConnection accepted from: [::ffff:192.168.76.168]:59932
[satisfactory-server] 08.10.2026 12:03:07 [2026.10.07-23.02.29:394][172]LogNet: NotifyAcceptingConnection accepted from: [::ffff:192.168.76.168]:59932
[satisfactory-server] 08.10.2026 12:03:07 [2026.10.07-23.02.29:728][182]LogNet: NotifyAcceptingConnection accepted from: [::ffff:192.168.76.168]:59932
[satisfactory-server] 08.10.2026 12:03:07 [2026.10.07-23.02.44:845][634]LogNet: NotifyAcceptingConnection accepted aggregation: [::ffff:192.168.76.168]:59932 (49)
[satisfactory-server] 08.10.2026 12:03:07 [2026.10.07-23.02.45:112][642]LogNet: NotifyAcceptingConnection accepted from: [::ffff:192.168.76.168]:59932
[satisfactory-server] 08.10.2026 12:03:07 [2026.10.07-23.02.45:413][651]LogAkAudio: Warning: UAkGameplayStatics::StopActor: Could not retrieve audio device.
[satisfactory-server] 08.10.2026 12:03:07 [2026.10.07-23.02.45:513][654]LogAkAudio: Warning: UAkGameplayStatics::StopActor: Could not retrieve audio device.
[satisfactory-server] 08.10.2026 12:03:07 [2026.10.07-23.02.45:514][654]LogNet: NotifyAcceptingConnection accepted from: [::ffff:192.168.76.168]:59932
[satisfactory-server] 08.10.2026 12:03:07 [2026.10.07-23.02.45:848][664]LogNet: NotifyAcceptingConnection accepted from: [::ffff:192.168.76.168]:59932
[satisfactory-server] 08.10.2026 12:03:07 [2026.10.07-23.02.46:182][674]LogNet: NotifyAcceptingConnection accepted from: [::ffff:192.168.76.168]:59932
[satisfactory-server] 08.10.2026 12:03:07 [2026.10.07-23.03.02:669][167]LogNet: NotifyAcceptingConnection accepted aggregation: [::ffff:192.168.76.168]:59932 (52)
[satisfactory-server] 08.10.2026 12:03:07 [2026.10.07-23.03.02:802][171]LogNet: NotifyAcceptingConnection accepted from: [::ffff:192.168.76.168]:59932
[satisfactory-server] 08.10.2026 12:03:07 [2026.10.07-23.03.03:137][181]LogNet: NotifyAcceptingConnection accepted from: [::ffff:192.168.76.168]:59932
[satisfactory-server] 08.10.2026 12:03:07 [2026.10.07-23.03.03:471][191]LogNet: NotifyAcceptingConnection accepted from: [::ffff:192.168.76.168]:59932
[satisfactory-server] 08.10.2026 12:03:07 [2026.10.07-23.03.04:006][207]LogNet: NotifyAcceptingConnection accepted from: [::ffff:192.168.76.168]:59932
[satisfactory-server] 08.10.2026 12:03:07 [2026.10.07-23.03.07:117][300]LogNet: UChannel::ReceivedSequencedBunch: Bunch.bClose == true. ChIndex == 0. Calling ConditionalCleanUp.
[satisfactory-server] 08.10.2026 12:03:07 [2026.10.07-23.03.07:117][300]LogNet: UChannel::CleanUp: ChIndex == 0. Closing connection. [UChannel] ChIndex: 0, Closing: 0 [UNetConnection] RemoteAddr: [::ffff:192.168.76.168]:56696, Name: IpConnection_2147449106, Driver: Name:GameNetDriver Def:GameNetDriver FGDSIpNetDriver_2147482164, IsServer: YES, PC: BP_PlayerController_C_2147449098, Owner: BP_PlayerController_C_2147449098, UniqueId: Steam:1 (ForeignId=[Type=6 Handle=0 RepData=[2B8A520201001001])
[satisfactory-server] 08.10.2026 12:03:07 [2026.10.07-23.03.07:117][300]LogNet: UNetConnection::Close: [UNetConnection] RemoteAddr: [::ffff:192.168.76.168]:56696, Name: IpConnection_2147449106, Driver: Name:GameNetDriver Def:GameNetDriver FGDSIpNetDriver_2147482164, IsServer: YES, PC: BP_PlayerController_C_2147449098, Owner: BP_PlayerController_C_2147449098, UniqueId: Steam:1 (ForeignId=[Type=6 Handle=0 RepData=[2B8A520201001001]), Channels: 79, Time: 2026.10.07-23.03.07
[satisfactory-server] 08.10.2026 12:03:07 [2026.10.07-23.03.07:117][300]LogNet: UNetConnection::SendCloseReason:
[satisfactory-server] 08.10.2026 12:03:07 [2026.10.07-23.03.07:117][300]LogNet:  - Result=ControlChannelClose, ErrorContext="ControlChannelClose"
[satisfactory-server] 08.10.2026 13:00:04 [2026.10.07-23.03.07:117][300]LogNet: UChannel::Close: Sending CloseBunch. ChIndex == 0. Name: [UChannel] ChIndex: 0, Closing: 0 [UNetConnection] RemoteAddr: [::ffff:192.168.76.168]:56696, Name: IpConnection_2147449106, Driver: Name:GameNetDriver Def:GameNetDriver FGDSIpNetDriver_2147482164, IsServer: YES, PC: BP_PlayerController_C_2147449098, Owner: BP_PlayerController_C_2147449098, UniqueId: Steam:1 (ForeignId=[Type=6 Handle=0 RepData=[2B8A520201001001])
[satisfactory-server] 08.10.2026 13:00:04 [2026.10.07-23.03.07:150][301]LogNet: UNetDriver::RemoveClientConnection - Removed address [::ffff:192.168.76.168]:56696 from MappedClientConnections for: [UNetConnection] RemoteAddr: [::ffff:192.168.76.168]:56696, Name: IpConnection_2147449106, Driver: Name:GameNetDriver Def:GameNetDriver FGDSIpNetDriver_2147482164, IsServer: YES, PC: BP_PlayerController_C_2147449098, Owner: BP_PlayerController_C_2147449098, UniqueId: Steam:1 (ForeignId=[Type=6 Handle=0 RepData=[2B8A520201001001])
[satisfactory-server] 08.10.2026 13:00:04 [2026.10.07-23.03.07:150][301]LogFactory: Warning: Put down failed because we where never equipped.
[satisfactory-server] 08.10.2026 13:00:04 [2026.10.07-23.03.07:150][301]LogFactory: Warning: Put down failed because we where never equipped.
[satisfactory-server] 08.10.2026 13:00:04 [2026.10.07-23.03.07:150][301]LogAkAudio: Warning: UAkGameplayStatics::StopActor: Could not retrieve audio device.
[satisfactory-server] 08.10.2026 13:00:04 [2026.10.07-23.03.07:150][301]LogAkAudio: Warning: UAkGameplayStatics::StopActor: Could not retrieve audio device.
[satisfactory-server] 08.10.2026 13:00:04 [2026.10.07-23.03.07:150][301]LogAkAudio: AFGPlayerControllerBase::RemoveWwise
[satisfactory-server] 08.10.2026 13:00:04 [2026.10.07-23.03.07:216][301]LogSave: Warning: New/Old Root size mismatch!
[satisfactory-server] 08.10.2026 13:00:04 [2026.10.07-23.03.07:230][301]LogGame: World Serialization (save): 0.079 seconds (game thread)
[satisfactory-server] 08.10.2026 13:00:04 [2026.10.07-23.03.07:350][306]LogGame: Write Backup to Disk and Cleanup time: 0.001 seconds
[satisfactory-server] 08.10.2026 13:00:04 [2026.10.07-23.03.07:350][306]LogGame: Compression: 0.117 seconds (background)
[satisfactory-server] 08.10.2026 13:00:04 [2026.10.07-23.03.07:350][306]LogGame: Write To Disk: 0.001 seconds (background)
[satisfactory-server] 08.10.2026 13:00:04 [2026.10.07-23.03.07:370][306]LogServer: Display: Server startup time elapsed and saving/level loading is done, auto-pause is allowed to proceed from now on (if enabled in server settings). WorldTimeSeconds = 6668.92
[satisfactory-server] 08.10.2026 13:00:04 [2026.10.07-23.03.21:856][739]LogNet: NotifyAcceptingConnection accepted aggregation: [::ffff:192.168.76.168]:59932 (13)
[satisfactory-server] 08.10.2026 13:00:04 [2026.10.08-00.00.00:025][333]LogGame: Display: Session Restart Timer elapsed, rebooting the session to maintain clock stability/game performance.
[satisfactory-server] 08.10.2026 13:00:04 [2026.10.08-00.00.00:088][333]LogSave: Warning: New/Old Root size mismatch!
[satisfactory-server] 08.10.2026 13:00:04 [2026.10.08-00.00.00:101][333]LogGame: World Serialization (save): 0.076 seconds (game thread)
[satisfactory-server] 08.10.2026 13:00:04 [2026.10.08-00.00.00:221][338]LogGame: Compression: 0.118 seconds (background)
[satisfactory-server] 08.10.2026 13:00:04 [2026.10.08-00.00.00:221][338]LogGame: Write To Disk: 0.001 seconds (background)
[satisfactory-server] 08.10.2026 13:00:04 [2026.10.08-00.00.00:236][338]LogGameMode: Display: Match State Changed from InProgress to LeavingMap
[satisfactory-server] 08.10.2026 13:00:04 [2026.10.08-00.00.00:236][338]LogGameState: Match State Changed from InProgress to LeavingMap
[satisfactory-server] 08.10.2026 13:00:04 [2026.10.08-00.00.00:236][338]LogGameMode: ProcessServerTravel: /Game/FactoryGame/Map/GameLevel01/Persistent_Level?ClientIdentity=210000003431306262346361346330393038366435613734316339316131306339666163000100000006080000002b8a520201001001?FallbackAccountNames=0100000000000000?PlayerInfoSnapshot=06000000535445414d00050000004e6f6e650001000000f106080000002b8a52020100100108000000526564616c696e0000000000?loadgame=Redalin_autosave_3_continue?sessionName=Redalin
[satisfactory-server] 08.10.2026 13:00:04 [2026.10.08-00.00.00:237][338]LogServer: Display: Server startup time elapsed and saving/level loading is done, auto-pause is allowed to proceed from now on (if enabled in server settings). WorldTimeSeconds = 6669.05
[satisfactory-server] 08.10.2026 13:00:04 [2026.10.08-00.00.04:216][457]LogEngine: Server switch level: /Game/FactoryGame/Map/GameLevel01/Persistent_Level?ClientIdentity=210000003431306262346361346330393038366435613734316339316131306339666163000100000006080000002b8a520201001001?FallbackAccountNames=0100000000000000?PlayerInfoSnapshot=06000000535445414d00050000004e6f6e650001000000f106080000002b8a52020100100108000000526564616c696e0000000000?loadgame=Redalin_autosave_3_continue?sessionName=Redalin
[satisfactory-server] 08.10.2026 13:00:05 [2026.10.08-00.00.04:216][457]LogGlobalStatus: Browse Started Browse: "/Game/FactoryGame/Map/GameLevel01/Persistent_Level?ClientIdentity=210000003431306262346361346330393038366435613734316339316131306339666163000100000006080000002b8a520201001001?FallbackAccountNames=0100000000000000?PlayerInfoSnapshot=06000000535445414d00050000004e6f6e650001000000f106080000002b8a52020100100108000000526564616c696e0000000000?loadgame=Redalin_autosave_3_continue?sessionName=Redalin"
[satisfactory-server] 08.10.2026 13:00:05 [2026.10.08-00.00.04:216][457]LogNet: Browse: /Game/FactoryGame/Map/GameLevel01/Persistent_Level?ClientIdentity=210000003431306262346361346330393038366435613734316339316131306339666163000100000006080000002b8a520201001001?FallbackAccountNames=0100000000000000?PlayerInfoSnapshot=06000000535445414d00050000004e6f6e650001000000f106080000002b8a52020100100108000000526564616c696e0000000000?loadgame=Redalin_autosave_3_continue?sessionName=Redalin
[satisfactory-server] 08.10.2026 13:00:05 [2026.10.08-00.00.04:224][457]LogLoad: LoadMap: /Game/FactoryGame/Map/GameLevel01/Persistent_Level?ClientIdentity=210000003431306262346361346330393038366435613734316339316131306339666163000100000006080000002b8a520201001001?FallbackAccountNames=0100000000000000?PlayerInfoSnapshot=06000000535445414d00050000004e6f6e650001000000f106080000002b8a52020100100108000000526564616c696e0000000000?loadgame=Redalin_autosave_3_continue?sessionName=Redalin
[satisfactory-server] 08.10.2026 13:00:05 [2026.10.08-00.00.04:224][457]LogWorld: BeginTearingDown for /Game/FactoryGame/Map/GameLevel01/Persistent_Level
[satisfactory-server] 08.10.2026 13:00:05 [2026.10.08-00.00.04:245][457]LogNet: World NetDriver shutdown FGDSIpNetDriver_2147482164 [GameNetDriver]
[satisfactory-server] 08.10.2026 13:00:05 [2026.10.08-00.00.04:245][457]LogNet: DestroyNamedNetDriver: Name:GameNetDriver Def:GameNetDriver FGDSIpNetDriver_2147482164 
[satisfactory-server] 08.10.2026 13:00:05 [2026.10.08-00.00.04:254][457]LogNet: UIpNetDriver::LowLevelDestroy Server Socket reclaimed by driver subclass
[satisfactory-server] 08.10.2026 13:00:05 [2026.10.08-00.00.04:254][457]LogExit: Name:GameNetDriver Def:GameNetDriver FGDSIpNetDriver_2147482164 shut down
[satisfactory-server] 08.10.2026 13:00:05 [2026.10.08-00.00.04:386][457]LogWeather: [Frame #1488457] Destroying Weather State BP_Weather_Windy_Weak_C_2147445124
[satisfactory-server] 08.10.2026 13:00:05 [2026.10.08-00.00.04:395][457]LogWorld: UWorld::CleanupWorld for Persistent_Level, bSessionEnded=true, bCleanupResources=true
[satisfactory-server] 08.10.2026 13:00:05 [2026.10.08-00.00.04:413][457]LogWorldPartition: UWorldPartition::Uninitialize : World = /Game/FactoryGame/Map/GameLevel01/Persistent_Level.Persistent_Level
[satisfactory-server] 08.10.2026 13:00:05 [2026.10.08-00.00.04:919][457]LogUObjectHash: Compacting FUObjectHashTables data took   2.39ms
[satisfactory-server] 08.10.2026 13:00:05 [2026.10.08-00.00.05:402][457]LogStaticMesh: Loading a staticmesh component that is flag with override vertex color buffer, but the buffer is empty after loading(serializing) it. Resave the map to fix the component override vertex color data.
[satisfactory-server] 08.10.2026 13:00:05 [2026.10.08-00.00.05:402][457]LogStaticMesh: Loading a staticmesh component that is flag with override vertex color buffer, but the buffer is empty after loading(serializing) it. Resave the map to fix the component override vertex color data.
[satisfactory-server] 08.10.2026 13:00:05 [2026.10.08-00.00.05:402][457]LogStaticMesh: Loading a staticmesh component that is flag with override vertex color buffer, but the buffer is empty after loading(serializing) it. Resave the map to fix the component override vertex color data.
[satisfactory-server] 08.10.2026 13:00:05 [2026.10.08-00.00.05:402][457]LogStaticMesh: Loading a staticmesh component that is flag with override vertex color buffer, but the buffer is empty after loading(serializing) it. Resave the map to fix the component override vertex color data.
[satisfactory-server] 08.10.2026 13:00:05 [2026.10.08-00.00.05:402][457]LogStaticMesh: Loading a staticmesh component that is flag with override vertex color buffer, but the buffer is empty after loading(serializing) it. Resave the map to fix the component override vertex color data.
[satisfactory-server] 08.10.2026 13:00:05 [2026.10.08-00.00.05:402][457]LogStaticMesh: Loading a staticmesh component that is flag with override vertex color buffer, but the buffer is empty after loading(serializing) it. Resave the map to fix the component override vertex color data.
[satisfactory-server] 08.10.2026 13:00:05 [2026.10.08-00.00.05:403][457]LogStaticMesh: Loading a staticmesh component that is flag with override vertex color buffer, but the buffer is empty after loading(serializing) it. Resave the map to fix the component override vertex color data.
[satisfactory-server] 08.10.2026 13:00:05 [2026.10.08-00.00.05:403][457]LogStaticMesh: Loading a staticmesh component that is flag with override vertex color buffer, but the buffer is empty after loading(serializing) it. Resave the map to fix the component override vertex color data.
[satisfactory-server] 08.10.2026 13:00:05 [2026.10.08-00.00.05:403][457]LogStaticMesh: Loading a staticmesh component that is flag with override vertex color buffer, but the buffer is empty after loading(serializing) it. Resave the map to fix the component override vertex color data.
[satisfactory-server] 08.10.2026 13:00:05 [2026.10.08-00.00.05:403][457]LogStaticMesh: Loading a staticmesh component that is flag with override vertex color buffer, but the buffer is empty after loading(serializing) it. Resave the map to fix the component override vertex color data.
[satisfactory-server] 08.10.2026 13:00:05 [2026.10.08-00.00.05:403][457]LogStaticMesh: Loading a staticmesh component that is flag with override vertex color buffer, but the buffer is empty after loading(serializing) it. Resave the map to fix the component override vertex color data.
[satisfactory-server] 08.10.2026 13:00:05 [2026.10.08-00.00.05:403][457]LogStaticMesh: Loading a staticmesh component that is flag with override vertex color buffer, but the buffer is empty after loading(serializing) it. Resave the map to fix the component override vertex color data.
[satisfactory-server] 08.10.2026 13:00:05 [2026.10.08-00.00.05:403][457]LogStaticMesh: Loading a staticmesh component that is flag with override vertex color buffer, but the buffer is empty after loading(serializing) it. Resave the map to fix the component override vertex color data.
[satisfactory-server] 08.10.2026 13:00:05 [2026.10.08-00.00.05:403][457]LogStaticMesh: Loading a staticmesh component that is flag with override vertex color buffer, but the buffer is empty after loading(serializing) it. Resave the map to fix the component override vertex color data.
[satisfactory-server] 08.10.2026 13:00:05 [2026.10.08-00.00.05:403][457]LogStaticMesh: Loading a staticmesh component that is flag with override vertex color buffer, but the buffer is empty after loading(serializing) it. Resave the map to fix the component override vertex color data.
[satisfactory-server] 08.10.2026 13:00:05 [2026.10.08-00.00.05:403][457]LogStaticMesh: Loading a staticmesh component that is flag with override vertex color buffer, but the buffer is empty after loading(serializing) it. Resave the map to fix the component override vertex color data.
[satisfactory-server] 08.10.2026 13:00:05 [2026.10.08-00.00.05:403][457]LogStaticMesh: Loading a staticmesh component that is flag with override vertex color buffer, but the buffer is empty after loading(serializing) it. Resave the map to fix the component override vertex color data.
[satisfactory-server] 08.10.2026 13:00:05 [2026.10.08-00.00.05:403][457]LogStaticMesh: Loading a staticmesh component that is flag with override vertex color buffer, but the buffer is empty after loading(serializing) it. Resave the map to fix the component override vertex color data.
[satisfactory-server] 08.10.2026 13:00:05 [2026.10.08-00.00.05:403][457]LogStaticMesh: Loading a staticmesh component that is flag with override vertex color buffer, but the buffer is empty after loading(serializing) it. Resave the map to fix the component override vertex color data.
[satisfactory-server] 08.10.2026 13:00:05 [2026.10.08-00.00.05:403][457]LogStaticMesh: Loading a staticmesh component that is flag with override vertex color buffer, but the buffer is empty after loading(serializing) it. Resave the map to fix the component override vertex color data.
[satisfactory-server] 08.10.2026 13:00:05 [2026.10.08-00.00.05:403][457]LogStaticMesh: Loading a staticmesh component that is flag with override vertex color buffer, but the buffer is empty after loading(serializing) it. Resave the map to fix the component override vertex color data.
[satisfactory-server] 08.10.2026 13:00:05 [2026.10.08-00.00.05:403][457]LogStaticMesh: Loading a staticmesh component that is flag with override vertex color buffer, but the buffer is empty after loading(serializing) it. Resave the map to fix the component override vertex color data.
[satisfactory-server] 08.10.2026 13:00:05 [2026.10.08-00.00.05:403][457]LogStaticMesh: Loading a staticmesh component that is flag with override vertex color buffer, but the buffer is empty after loading(serializing) it. Resave the map to fix the component override vertex color data.
[satisfactory-server] 08.10.2026 13:00:05 [2026.10.08-00.00.05:403][457]LogStaticMesh: Loading a staticmesh component that is flag with override vertex color buffer, but the buffer is empty after loading(serializing) it. Resave the map to fix the component override vertex color data.
[satisfactory-server] 08.10.2026 13:00:05 [2026.10.08-00.00.05:403][457]LogStaticMesh: Loading a staticmesh component that is flag with override vertex color buffer, but the buffer is empty after loading(serializing) it. Resave the map to fix the component override vertex color data.
[satisfactory-server] 08.10.2026 13:00:05 [2026.10.08-00.00.05:403][457]LogStaticMesh: Loading a staticmesh component that is flag with override vertex color buffer, but the buffer is empty after loading(serializing) it. Resave the map to fix the component override vertex color data.
[satisfactory-server] 08.10.2026 13:00:05 [2026.10.08-00.00.05:403][457]LogStaticMesh: Loading a staticmesh component that is flag with override vertex color buffer, but the buffer is empty after loading(serializing) it. Resave the map to fix the component override vertex color data.
[satisfactory-server] 08.10.2026 13:00:05 [2026.10.08-00.00.05:403][457]LogStaticMesh: Loading a staticmesh component that is flag with override vertex color buffer, but the buffer is empty after loading(serializing) it. Resave the map to fix the component override vertex color data.
[satisfactory-server] 08.10.2026 13:00:05 [2026.10.08-00.00.05:403][457]LogStaticMesh: Loading a staticmesh component that is flag with override vertex color buffer, but the buffer is empty after loading(serializing) it. Resave the map to fix the component override vertex color data.
[satisfactory-server] 08.10.2026 13:00:05 [2026.10.08-00.00.05:403][457]LogStaticMesh: Loading a staticmesh component that is flag with override vertex color buffer, but the buffer is empty after loading(serializing) it. Resave the map to fix the component override vertex color data.
[satisfactory-server] 08.10.2026 13:00:05 [2026.10.08-00.00.05:403][457]LogStaticMesh: Loading a staticmesh component that is flag with override vertex color buffer, but the buffer is empty after loading(serializing) it. Resave the map to fix the component override vertex color data.
[satisfactory-server] 08.10.2026 13:00:05 [2026.10.08-00.00.05:403][457]LogStaticMesh: Loading a staticmesh component that is flag with override vertex color buffer, but the buffer is empty after loading(serializing) it. Resave the map to fix the component override vertex color data.
[satisfactory-server] 08.10.2026 13:00:05 [2026.10.08-00.00.05:403][457]LogStaticMesh: Loading a staticmesh component that is flag with override vertex color buffer, but the buffer is empty after loading(serializing) it. Resave the map to fix the component override vertex color data.
[satisfactory-server] 08.10.2026 13:00:05 [2026.10.08-00.00.05:403][457]LogStaticMesh: Loading a staticmesh component that is flag with override vertex color buffer, but the buffer is empty after loading(serializing) it. Resave the map to fix the component override vertex color data.
[satisfactory-server] 08.10.2026 13:00:05 [2026.10.08-00.00.05:403][457]LogStaticMesh: Loading a staticmesh component that is flag with override vertex color buffer, but the buffer is empty after loading(serializing) it. Resave the map to fix the component override vertex color data.
[satisfactory-server] 08.10.2026 13:00:05 [2026.10.08-00.00.05:403][457]LogStaticMesh: Loading a staticmesh component that is flag with override vertex color buffer, but the buffer is empty after loading(serializing) it. Resave the map to fix the component override vertex color data.
[satisfactory-server] 08.10.2026 13:00:05 [2026.10.08-00.00.05:403][457]LogStaticMesh: Loading a staticmesh component that is flag with override vertex color buffer, but the buffer is empty after loading(serializing) it. Resave the map to fix the component override vertex color data.
[satisfactory-server] 08.10.2026 13:00:05 [2026.10.08-00.00.05:403][457]LogStaticMesh: Loading a staticmesh component that is flag with override vertex color buffer, but the buffer is empty after loading(serializing) it. Resave the map to fix the component override vertex color data.
[satisfactory-server] 08.10.2026 13:00:05 [2026.10.08-00.00.05:403][457]LogStaticMesh: Loading a staticmesh component that is flag with override vertex color buffer, but the buffer is empty after loading(serializing) it. Resave the map to fix the component override vertex color data.
[satisfactory-server] 08.10.2026 13:00:05 [2026.10.08-00.00.05:403][457]LogStaticMesh: Loading a staticmesh component that is flag with override vertex color buffer, but the buffer is empty after loading(serializing) it. Resave the map to fix the component override vertex color data.
[satisfactory-server] 08.10.2026 13:00:05 [2026.10.08-00.00.05:403][457]LogStaticMesh: Loading a staticmesh component that is flag with override vertex color buffer, but the buffer is empty after loading(serializing) it. Resave the map to fix the component override vertex color data.
[satisfactory-server] 08.10.2026 13:00:05 [2026.10.08-00.00.05:403][457]LogStaticMesh: Loading a staticmesh component that is flag with override vertex color buffer, but the buffer is empty after loading(serializing) it. Resave the map to fix the component override vertex color data.
[satisfactory-server] 08.10.2026 13:00:05 [2026.10.08-00.00.05:403][457]LogStaticMesh: Loading a staticmesh component that is flag with override vertex color buffer, but the buffer is empty after loading(serializing) it. Resave the map to fix the component override vertex color data.
[satisfactory-server] 08.10.2026 13:00:05 [2026.10.08-00.00.05:403][457]LogStaticMesh: Loading a staticmesh component that is flag with override vertex color buffer, but the buffer is empty after loading(serializing) it. Resave the map to fix the component override vertex color data.
[satisfactory-server] 08.10.2026 13:00:05 [2026.10.08-00.00.05:403][457]LogStaticMesh: Loading a staticmesh component that is flag with override vertex color buffer, but the buffer is empty after loading(serializing) it. Resave the map to fix the component override vertex color data.
[satisfactory-server] 08.10.2026 13:00:05 [2026.10.08-00.00.05:403][457]LogStaticMesh: Loading a staticmesh component that is flag with override vertex color buffer, but the buffer is empty after loading(serializing) it. Resave the map to fix the component override vertex color data.
[satisfactory-server] 08.10.2026 13:00:05 [2026.10.08-00.00.05:403][457]LogStaticMesh: Loading a staticmesh component that is flag with override vertex color buffer, but the buffer is empty after loading(serializing) it. Resave the map to fix the component override vertex color data.
[satisfactory-server] 08.10.2026 13:00:05 [2026.10.08-00.00.05:403][457]LogStaticMesh: Loading a staticmesh component that is flag with override vertex color buffer, but the buffer is empty after loading(serializing) it. Resave the map to fix the component override vertex color data.
[satisfactory-server] 08.10.2026 13:00:05 [2026.10.08-00.00.05:403][457]LogStaticMesh: Loading a staticmesh component that is flag with override vertex color buffer, but the buffer is empty after loading(serializing) it. Resave the map to fix the component override vertex color data.
[satisfactory-server] 08.10.2026 13:00:05 [2026.10.08-00.00.05:403][457]LogStaticMesh: Loading a staticmesh component that is flag with override vertex color buffer, but the buffer is empty after loading(serializing) it. Resave the map to fix the component override vertex color data.
[satisfactory-server] 08.10.2026 13:00:05 [2026.10.08-00.00.05:403][457]LogStaticMesh: Loading a staticmesh component that is flag with override vertex color buffer, but the buffer is empty after loading(serializing) it. Resave the map to fix the component override vertex color data.
[satisfactory-server] 08.10.2026 13:00:05 [2026.10.08-00.00.05:403][457]LogStaticMesh: Loading a staticmesh component that is flag with override vertex color buffer, but the buffer is empty after loading(serializing) it. Resave the map to fix the component override vertex color data.
[satisfactory-server] 08.10.2026 13:00:05 [2026.10.08-00.00.05:403][457]LogStaticMesh: Loading a staticmesh component that is flag with override vertex color buffer, but the buffer is empty after loading(serializing) it. Resave the map to fix the component override vertex color data.
[satisfactory-server] 08.10.2026 13:00:05 [2026.10.08-00.00.05:403][457]LogStaticMesh: Loading a staticmesh component that is flag with override vertex color buffer, but the buffer is empty after loading(serializing) it. Resave the map to fix the component override vertex color data.
[satisfactory-server] 08.10.2026 13:00:05 [2026.10.08-00.00.05:403][457]LogStaticMesh: Loading a staticmesh component that is flag with override vertex color buffer, but the buffer is empty after loading(serializing) it. Resave the map to fix the component override vertex color data.
[satisfactory-server] 08.10.2026 13:00:05 [2026.10.08-00.00.05:403][457]LogStaticMesh: Loading a staticmesh component that is flag with override vertex color buffer, but the buffer is empty after loading(serializing) it. Resave the map to fix the component override vertex color data.
[satisfactory-server] 08.10.2026 13:00:05 [2026.10.08-00.00.05:403][457]LogStaticMesh: Loading a staticmesh component that is flag with override vertex color buffer, but the buffer is empty after loading(serializing) it. Resave the map to fix the component override vertex color data.
[satisfactory-server] 08.10.2026 13:00:05 [2026.10.08-00.00.05:403][457]LogStaticMesh: Loading a staticmesh component that is flag with override vertex color buffer, but the buffer is empty after loading(serializing) it. Resave the map to fix the component override vertex color data.
[satisfactory-server] 08.10.2026 13:00:05 [2026.10.08-00.00.05:403][457]LogStaticMesh: Loading a staticmesh component that is flag with override vertex color buffer, but the buffer is empty after loading(serializing) it. Resave the map to fix the component override vertex color data.
[satisfactory-server] 08.10.2026 13:00:05 [2026.10.08-00.00.05:403][457]LogStaticMesh: Loading a staticmesh component that is flag with override vertex color buffer, but the buffer is empty after loading(serializing) it. Resave the map to fix the component override vertex color data.
[satisfactory-server] 08.10.2026 13:00:05 [2026.10.08-00.00.05:403][457]LogStaticMesh: Loading a staticmesh component that is flag with override vertex color buffer, but the buffer is empty after loading(serializing) it. Resave the map to fix the component override vertex color data.
[satisfactory-server] 08.10.2026 13:00:05 [2026.10.08-00.00.05:403][457]LogStaticMesh: Loading a staticmesh component that is flag with override vertex color buffer, but the buffer is empty after loading(serializing) it. Resave the map to fix the component override vertex color data.
[satisfactory-server] 08.10.2026 13:00:05 [2026.10.08-00.00.05:403][457]LogStaticMesh: Loading a staticmesh component that is flag with override vertex color buffer, but the buffer is empty after loading(serializing) it. Resave the map to fix the component override vertex color data.
[satisfactory-server] 08.10.2026 13:00:05 [2026.10.08-00.00.05:403][457]LogStaticMesh: Loading a staticmesh component that is flag with override vertex color buffer, but the buffer is empty after loading(serializing) it. Resave the map to fix the component override vertex color data.
[satisfactory-server] 08.10.2026 13:00:05 [2026.10.08-00.00.05:403][457]LogStaticMesh: Loading a staticmesh component that is flag with override vertex color buffer, but the buffer is empty after loading(serializing) it. Resave the map to fix the component override vertex color data.
[satisfactory-server] 08.10.2026 13:00:05 [2026.10.08-00.00.05:403][457]LogStaticMesh: Loading a staticmesh component that is flag with override vertex color buffer, but the buffer is empty after loading(serializing) it. Resave the map to fix the component override vertex color data.
[satisfactory-server] 08.10.2026 13:00:05 [2026.10.08-00.00.05:403][457]LogStaticMesh: Loading a staticmesh component that is flag with override vertex color buffer, but the buffer is empty after loading(serializing) it. Resave the map to fix the component override vertex color data.
[satisfactory-server] 08.10.2026 13:00:05 [2026.10.08-00.00.05:403][457]LogStaticMesh: Loading a staticmesh component that is flag with override vertex color buffer, but the buffer is empty after loading(serializing) it. Resave the map to fix the component override vertex color data.
[satisfactory-server] 08.10.2026 13:00:05 [2026.10.08-00.00.05:403][457]LogStaticMesh: Loading a staticmesh component that is flag with override vertex color buffer, but the buffer is empty after loading(serializing) it. Resave the map to fix the component override vertex color data.
[satisfactory-server] 08.10.2026 13:00:05 [2026.10.08-00.00.05:403][457]LogStaticMesh: Loading a staticmesh component that is flag with override vertex color buffer, but the buffer is empty after loading(serializing) it. Resave the map to fix the component override vertex color data.
[satisfactory-server] 08.10.2026 13:00:05 [2026.10.08-00.00.05:403][457]LogStaticMesh: Loading a staticmesh component that is flag with override vertex color buffer, but the buffer is empty after loading(serializing) it. Resave the map to fix the component override vertex color data.
[satisfactory-server] 08.10.2026 13:00:05 [2026.10.08-00.00.05:403][457]LogStaticMesh: Loading a staticmesh component that is flag with override vertex color buffer, but the buffer is empty after loading(serializing) it. Resave the map to fix the component override vertex color data.
[satisfactory-server] 08.10.2026 13:00:05 [2026.10.08-00.00.05:403][457]LogStaticMesh: Loading a staticmesh component that is flag with override vertex color buffer, but the buffer is empty after loading(serializing) it. Resave the map to fix the component override vertex color data.
[satisfactory-server] 08.10.2026 13:00:05 [2026.10.08-00.00.05:403][457]LogStaticMesh: Loading a staticmesh component that is flag with override vertex color buffer, but the buffer is empty after loading(serializing) it. Resave the map to fix the component override vertex color data.
[satisfactory-server] 08.10.2026 13:00:05 [2026.10.08-00.00.05:403][457]LogStaticMesh: Loading a staticmesh component that is flag with override vertex color buffer, but the buffer is empty after loading(serializing) it. Resave the map to fix the component override vertex color data.
[satisfactory-server] 08.10.2026 13:00:05 [2026.10.08-00.00.05:403][457]LogStaticMesh: Loading a staticmesh component that is flag with override vertex color buffer, but the buffer is empty after loading(serializing) it. Resave the map to fix the component override vertex color data.
[satisfactory-server] 08.10.2026 13:00:05 [2026.10.08-00.00.05:403][457]LogStaticMesh: Loading a staticmesh component that is flag with override vertex color buffer, but the buffer is empty after loading(serializing) it. Resave the map to fix the component override vertex color data.
[satisfactory-server] 08.10.2026 13:00:05 [2026.10.08-00.00.05:403][457]LogStaticMesh: Loading a staticmesh component that is flag with override vertex color buffer, but the buffer is empty after loading(serializing) it. Resave the map to fix the component override vertex color data.
[satisfactory-server] 08.10.2026 13:00:05 [2026.10.08-00.00.05:403][457]LogStaticMesh: Loading a staticmesh component that is flag with override vertex color buffer, but the buffer is empty after loading(serializing) it. Resave the map to fix the component override vertex color data.
[satisfactory-server] 08.10.2026 13:00:05 [2026.10.08-00.00.05:403][457]LogStaticMesh: Loading a staticmesh component that is flag with override vertex color buffer, but the buffer is empty after loading(serializing) it. Resave the map to fix the component override vertex color data.
[satisfactory-server] 08.10.2026 13:00:05 [2026.10.08-00.00.05:403][457]LogStaticMesh: Loading a staticmesh component that is flag with override vertex color buffer, but the buffer is empty after loading(serializing) it. Resave the map to fix the component override vertex color data.
[satisfactory-server] 08.10.2026 13:00:05 [2026.10.08-00.00.05:403][457]LogStaticMesh: Loading a staticmesh component that is flag with override vertex color buffer, but the buffer is empty after loading(serializing) it. Resave the map to fix the component override vertex color data.
[satisfactory-server] 08.10.2026 13:00:05 [2026.10.08-00.00.05:404][457]LogStaticMesh: Loading a staticmesh component that is flag with override vertex color buffer, but the buffer is empty after loading(serializing) it. Resave the map to fix the component override vertex color data.
[satisfactory-server] 08.10.2026 13:00:05 [2026.10.08-00.00.05:404][457]LogStaticMesh: Loading a staticmesh component that is flag with override vertex color buffer, but the buffer is empty after loading(serializing) it. Resave the map to fix the component override vertex color data.
[satisfactory-server] 08.10.2026 13:00:05 [2026.10.08-00.00.05:404][457]LogStaticMesh: Loading a staticmesh component that is flag with override vertex color buffer, but the buffer is empty after loading(serializing) it. Resave the map to fix the component override vertex color data.
[satisfactory-server] 08.10.2026 13:00:05 [2026.10.08-00.00.05:404][457]LogStaticMesh: Loading a staticmesh component that is flag with override vertex color buffer, but the buffer is empty after loading(serializing) it. Resave the map to fix the component override vertex color data.
[satisfactory-server] 08.10.2026 13:00:05 [2026.10.08-00.00.05:404][457]LogStaticMesh: Loading a staticmesh component that is flag with override vertex color buffer, but the buffer is empty after loading(serializing) it. Resave the map to fix the component override vertex color data.
[satisfactory-server] 08.10.2026 13:00:05 [2026.10.08-00.00.05:404][457]LogStaticMesh: Loading a staticmesh component that is flag with override vertex color buffer, but the buffer is empty after loading(serializing) it. Resave the map to fix the component override vertex color data.
[satisfactory-server] 08.10.2026 13:00:05 [2026.10.08-00.00.05:404][457]LogStaticMesh: Loading a staticmesh component that is flag with override vertex color buffer, but the buffer is empty after loading(serializing) it. Resave the map to fix the component override vertex color data.
[satisfactory-server] 08.10.2026 13:00:05 [2026.10.08-00.00.05:404][457]LogStaticMesh: Loading a staticmesh component that is flag with override vertex color buffer, but the buffer is empty after loading(serializing) it. Resave the map to fix the component override vertex color data.
[satisfactory-server] 08.10.2026 13:00:05 [2026.10.08-00.00.05:404][457]LogStaticMesh: Loading a staticmesh component that is flag with override vertex color buffer, but the buffer is empty after loading(serializing) it. Resave the map to fix the component override vertex color data.
[satisfactory-server] 08.10.2026 13:00:05 [2026.10.08-00.00.05:404][457]LogStaticMesh: Loading a staticmesh component that is flag with override vertex color buffer, but the buffer is empty after loading(serializing) it. Resave the map to fix the component override vertex color data.
[satisfactory-server] 08.10.2026 13:00:05 [2026.10.08-00.00.05:404][457]LogStaticMesh: Loading a staticmesh component that is flag with override vertex color buffer, but the buffer is empty after loading(serializing) it. Resave the map to fix the component override vertex color data.
[satisfactory-server] 08.10.2026 13:00:05 [2026.10.08-00.00.05:404][457]LogStaticMesh: Loading a staticmesh component that is flag with override vertex color buffer, but the buffer is empty after loading(serializing) it. Resave the map to fix the component override vertex color data.
[satisfactory-server] 08.10.2026 13:00:05 [2026.10.08-00.00.05:404][457]LogStaticMesh: Loading a staticmesh component that is flag with override vertex color buffer, but the buffer is empty after loading(serializing) it. Resave the map to fix the component override vertex color data.
[satisfactory-server] 08.10.2026 13:00:05 [2026.10.08-00.00.05:404][457]LogStaticMesh: Loading a staticmesh component that is flag with override vertex color buffer, but the buffer is empty after loading(serializing) it. Resave the map to fix the component override vertex color data.
[satisfactory-server] 08.10.2026 13:00:05 [2026.10.08-00.00.05:404][457]LogStaticMesh: Loading a staticmesh component that is flag with override vertex color buffer, but the buffer is empty after loading(serializing) it. Resave the map to fix the component override vertex color data.
[satisfactory-server] 08.10.2026 13:00:05 [2026.10.08-00.00.05:404][457]LogStaticMesh: Loading a staticmesh component that is flag with override vertex color buffer, but the buffer is empty after loading(serializing) it. Resave the map to fix the component override vertex color data.
[satisfactory-server] 08.10.2026 13:00:05 [2026.10.08-00.00.05:404][457]LogStaticMesh: Loading a staticmesh component that is flag with override vertex color buffer, but the buffer is empty after loading(serializing) it. Resave the map to fix the component override vertex color data.
[satisfactory-server] 08.10.2026 13:00:05 [2026.10.08-00.00.05:404][457]LogStaticMesh: Loading a staticmesh component that is flag with override vertex color buffer, but the buffer is empty after loading(serializing) it. Resave the map to fix the component override vertex color data.
[satisfactory-server] 08.10.2026 13:00:05 [2026.10.08-00.00.05:404][457]LogStaticMesh: Loading a staticmesh component that is flag with override vertex color buffer, but the buffer is empty after loading(serializing) it. Resave the map to fix the component override vertex color data.
[satisfactory-server] 08.10.2026 13:00:05 [2026.10.08-00.00.05:404][457]LogStaticMesh: Loading a staticmesh component that is flag with override vertex color buffer, but the buffer is empty after loading(serializing) it. Resave the map to fix the component override vertex color data.
[satisfactory-server] 08.10.2026 13:00:05 [2026.10.08-00.00.05:404][457]LogStaticMesh: Loading a staticmesh component that is flag with override vertex color buffer, but the buffer is empty after loading(serializing) it. Resave the map to fix the component override vertex color data.
[satisfactory-server] 08.10.2026 13:00:05 [2026.10.08-00.00.05:404][457]LogStaticMesh: Loading a staticmesh component that is flag with override vertex color buffer, but the buffer is empty after loading(serializing) it. Resave the map to fix the component override vertex color data.
[satisfactory-server] 08.10.2026 13:00:05 [2026.10.08-00.00.05:404][457]LogStaticMesh: Loading a staticmesh component that is flag with override vertex color buffer, but the buffer is empty after loading(serializing) it. Resave the map to fix the component override vertex color data.
[satisfactory-server] 08.10.2026 13:00:05 [2026.10.08-00.00.05:404][457]LogStaticMesh: Loading a staticmesh component that is flag with override vertex color buffer, but the buffer is empty after loading(serializing) it. Resave the map to fix the component override vertex color data.
[satisfactory-server] 08.10.2026 13:00:05 [2026.10.08-00.00.05:404][457]LogStaticMesh: Loading a staticmesh component that is flag with override vertex color buffer, but the buffer is empty after loading(serializing) it. Resave the map to fix the component override vertex color data.
[satisfactory-server] 08.10.2026 13:00:05 [2026.10.08-00.00.05:404][457]LogStaticMesh: Loading a staticmesh component that is flag with override vertex color buffer, but the buffer is empty after loading(serializing) it. Resave the map to fix the component override vertex color data.
[satisfactory-server] 08.10.2026 13:00:05 [2026.10.08-00.00.05:404][457]LogStaticMesh: Loading a staticmesh component that is flag with override vertex color buffer, but the buffer is empty after loading(serializing) it. Resave the map to fix the component override vertex color data.
[satisfactory-server] 08.10.2026 13:00:05 [2026.10.08-00.00.05:404][457]LogStaticMesh: Loading a staticmesh component that is flag with override vertex color buffer, but the buffer is empty after loading(serializing) it. Resave the map to fix the component override vertex color data.
[satisfactory-server] 08.10.2026 13:00:05 [2026.10.08-00.00.05:404][457]LogStaticMesh: Loading a staticmesh component that is flag with override vertex color buffer, but the buffer is empty after loading(serializing) it. Resave the map to fix the component override vertex color data.
[satisfactory-server] 08.10.2026 13:00:05 [2026.10.08-00.00.05:404][457]LogStaticMesh: Loading a staticmesh component that is flag with override vertex color buffer, but the buffer is empty after loading(serializing) it. Resave the map to fix the component override vertex color data.
[satisfactory-server] 08.10.2026 13:00:05 [2026.10.08-00.00.05:404][457]LogStaticMesh: Loading a staticmesh component that is flag with override vertex color buffer, but the buffer is empty after loading(serializing) it. Resave the map to fix the component override vertex color data.
[satisfactory-server] 08.10.2026 13:00:05 [2026.10.08-00.00.05:404][457]LogStaticMesh: Loading a staticmesh component that is flag with override vertex color buffer, but the buffer is empty after loading(serializing) it. Resave the map to fix the component override vertex color data.
[satisfactory-server] 08.10.2026 13:00:05 [2026.10.08-00.00.05:404][457]LogStaticMesh: Loading a staticmesh component that is flag with override vertex color buffer, but the buffer is empty after loading(serializing) it. Resave the map to fix the component override vertex color data.
[satisfactory-server] 08.10.2026 13:00:05 [2026.10.08-00.00.05:404][457]LogStaticMesh: Loading a staticmesh component that is flag with override vertex color buffer, but the buffer is empty after loading(serializing) it. Resave the map to fix the component override vertex color data.
[satisfactory-server] 08.10.2026 13:00:05 [2026.10.08-00.00.05:404][457]LogStaticMesh: Loading a staticmesh component that is flag with override vertex color buffer, but the buffer is empty after loading(serializing) it. Resave the map to fix the component override vertex color data.
[satisfactory-server] 08.10.2026 13:00:05 [2026.10.08-00.00.05:404][457]LogStaticMesh: Loading a staticmesh component that is flag with override vertex color buffer, but the buffer is empty after loading(serializing) it. Resave the map to fix the component override vertex color data.
[satisfactory-server] 08.10.2026 13:00:05 [2026.10.08-00.00.05:404][457]LogStaticMesh: Loading a staticmesh component that is flag with override vertex color buffer, but the buffer is empty after loading(serializing) it. Resave the map to fix the component override vertex color data.
[satisfactory-server] 08.10.2026 13:00:05 [2026.10.08-00.00.05:404][457]LogStaticMesh: Loading a staticmesh component that is flag with override vertex color buffer, but the buffer is empty after loading(serializing) it. Resave the map to fix the component override vertex color data.
[satisfactory-server] 08.10.2026 13:00:05 [2026.10.08-00.00.05:404][457]LogStaticMesh: Loading a staticmesh component that is flag with override vertex color buffer, but the buffer is empty after loading(serializing) it. Resave the map to fix the component override vertex color data.
[satisfactory-server] 08.10.2026 13:00:05 [2026.10.08-00.00.05:404][457]LogStaticMesh: Loading a staticmesh component that is flag with override vertex color buffer, but the buffer is empty after loading(serializing) it. Resave the map to fix the component override vertex color data.
[satisfactory-server] 08.10.2026 13:00:05 [2026.10.08-00.00.05:404][457]LogStaticMesh: Loading a staticmesh component that is flag with override vertex color buffer, but the buffer is empty after loading(serializing) it. Resave the map to fix the component override vertex color data.
[satisfactory-server] 08.10.2026 13:00:05 [2026.10.08-00.00.05:404][457]LogStaticMesh: Loading a staticmesh component that is flag with override vertex color buffer, but the buffer is empty after loading(serializing) it. Resave the map to fix the component override vertex color data.
[satisfactory-server] 08.10.2026 13:00:05 [2026.10.08-00.00.05:404][457]LogStaticMesh: Loading a staticmesh component that is flag with override vertex color buffer, but the buffer is empty after loading(serializing) it. Resave the map to fix the component override vertex color data.
[satisfactory-server] 08.10.2026 13:00:05 [2026.10.08-00.00.05:404][457]LogStaticMesh: Loading a staticmesh component that is flag with override vertex color buffer, but the buffer is empty after loading(serializing) it. Resave the map to fix the component override vertex color data.
[satisfactory-server] 08.10.2026 13:00:05 [2026.10.08-00.00.05:404][457]LogStaticMesh: Loading a staticmesh component that is flag with override vertex color buffer, but the buffer is empty after loading(serializing) it. Resave the map to fix the component override vertex color data.
[satisfactory-server] 08.10.2026 13:00:05 [2026.10.08-00.00.05:404][457]LogStaticMesh: Loading a staticmesh component that is flag with override vertex color buffer, but the buffer is empty after loading(serializing) it. Resave the map to fix the component override vertex color data.
[satisfactory-server] 08.10.2026 13:00:05 [2026.10.08-00.00.05:404][457]LogStaticMesh: Loading a staticmesh component that is flag with override vertex color buffer, but the buffer is empty after loading(serializing) it. Resave the map to fix the component override vertex color data.
[satisfactory-server] 08.10.2026 13:00:05 [2026.10.08-00.00.05:404][457]LogStaticMesh: Loading a staticmesh component that is flag with override vertex color buffer, but the buffer is empty after loading(serializing) it. Resave the map to fix the component override vertex color data.
[satisfactory-server] 08.10.2026 13:00:05 [2026.10.08-00.00.05:404][457]LogStaticMesh: Loading a staticmesh component that is flag with override vertex color buffer, but the buffer is empty after loading(serializing) it. Resave the map to fix the component override vertex color data.
[satisfactory-server] 08.10.2026 13:00:05 [2026.10.08-00.00.05:404][457]LogStaticMesh: Loading a staticmesh component that is flag with override vertex color buffer, but the buffer is empty after loading(serializing) it. Resave the map to fix the component override vertex color data.
[satisfactory-server] 08.10.2026 13:00:05 [2026.10.08-00.00.05:404][457]LogStaticMesh: Loading a staticmesh component that is flag with override vertex color buffer, but the buffer is empty after loading(serializing) it. Resave the map to fix the component override vertex color data.
[satisfactory-server] 08.10.2026 13:00:05 [2026.10.08-00.00.05:404][457]LogStaticMesh: Loading a staticmesh component that is flag with override vertex color buffer, but the buffer is empty after loading(serializing) it. Resave the map to fix the component override vertex color data.
[satisfactory-server] 08.10.2026 13:00:05 [2026.10.08-00.00.05:404][457]LogStaticMesh: Loading a staticmesh component that is flag with override vertex color buffer, but the buffer is empty after loading(serializing) it. Resave the map to fix the component override vertex color data.
[satisfactory-server] 08.10.2026 13:00:05 [2026.10.08-00.00.05:404][457]LogStaticMesh: Loading a staticmesh component that is flag with override vertex color buffer, but the buffer is empty after loading(serializing) it. Resave the map to fix the component override vertex color data.
[satisfactory-server] 08.10.2026 13:00:05 [2026.10.08-00.00.05:404][457]LogStaticMesh: Loading a staticmesh component that is flag with override vertex color buffer, but the buffer is empty after loading(serializing) it. Resave the map to fix the component override vertex color data.
[satisfactory-server] 08.10.2026 13:00:05 [2026.10.08-00.00.05:404][457]LogStaticMesh: Loading a staticmesh component that is flag with override vertex color buffer, but the buffer is empty after loading(serializing) it. Resave the map to fix the component override vertex color data.
[satisfactory-server] 08.10.2026 13:00:05 [2026.10.08-00.00.05:404][457]LogStaticMesh: Loading a staticmesh component that is flag with override vertex color buffer, but the buffer is empty after loading(serializing) it. Resave the map to fix the component override vertex color data.
[satisfactory-server] 08.10.2026 13:00:05 [2026.10.08-00.00.05:404][457]LogStaticMesh: Loading a staticmesh component that is flag with override vertex color buffer, but the buffer is empty after loading(serializing) it. Resave the map to fix the component override vertex color data.
[satisfactory-server] 08.10.2026 13:00:05 [2026.10.08-00.00.05:404][457]LogStaticMesh: Loading a staticmesh component that is flag with override vertex color buffer, but the buffer is empty after loading(serializing) it. Resave the map to fix the component override vertex color data.
[satisfactory-server] 08.10.2026 13:00:05 [2026.10.08-00.00.05:404][457]LogStaticMesh: Loading a staticmesh component that is flag with override vertex color buffer, but the buffer is empty after loading(serializing) it. Resave the map to fix the component override vertex color data.
[satisfactory-server] 08.10.2026 13:00:05 [2026.10.08-00.00.05:404][457]LogStaticMesh: Loading a staticmesh component that is flag with override vertex color buffer, but the buffer is empty after loading(serializing) it. Resave the map to fix the component override vertex color data.
[satisfactory-server] 08.10.2026 13:00:05 [2026.10.08-00.00.05:404][457]LogStaticMesh: Loading a staticmesh component that is flag with override vertex color buffer, but the buffer is empty after loading(serializing) it. Resave the map to fix the component override vertex color data.
[satisfactory-server] 08.10.2026 13:00:05 [2026.10.08-00.00.05:404][457]LogStaticMesh: Loading a staticmesh component that is flag with override vertex color buffer, but the buffer is empty after loading(serializing) it. Resave the map to fix the component override vertex color data.
[satisfactory-server] 08.10.2026 13:00:05 [2026.10.08-00.00.05:404][457]LogStaticMesh: Loading a staticmesh component that is flag with override vertex color buffer, but the buffer is empty after loading(serializing) it. Resave the map to fix the component override vertex color data.
[satisfactory-server] 08.10.2026 13:00:05 [2026.10.08-00.00.05:404][457]LogStaticMesh: Loading a staticmesh component that is flag with override vertex color buffer, but the buffer is empty after loading(serializing) it. Resave the map to fix the component override vertex color data.
[satisfactory-server] 08.10.2026 13:00:05 [2026.10.08-00.00.05:404][457]LogStaticMesh: Loading a staticmesh component that is flag with override vertex color buffer, but the buffer is empty after loading(serializing) it. Resave the map to fix the component override vertex color data.
[satisfactory-server] 08.10.2026 13:00:05 [2026.10.08-00.00.05:404][457]LogStaticMesh: Loading a staticmesh component that is flag with override vertex color buffer, but the buffer is empty after loading(serializing) it. Resave the map to fix the component override vertex color data.
[satisfactory-server] 08.10.2026 13:00:05 [2026.10.08-00.00.05:404][457]LogStaticMesh: Loading a staticmesh component that is flag with override vertex color buffer, but the buffer is empty after loading(serializing) it. Resave the map to fix the component override vertex color data.
[satisfactory-server] 08.10.2026 13:00:05 [2026.10.08-00.00.05:404][457]LogStaticMesh: Loading a staticmesh component that is flag with override vertex color buffer, but the buffer is empty after loading(serializing) it. Resave the map to fix the component override vertex color data.
[satisfactory-server] 08.10.2026 13:00:05 [2026.10.08-00.00.05:404][457]LogStaticMesh: Loading a staticmesh component that is flag with override vertex color buffer, but the buffer is empty after loading(serializing) it. Resave the map to fix the component override vertex color data.
[satisfactory-server] 08.10.2026 13:00:05 [2026.10.08-00.00.05:404][457]LogStaticMesh: Loading a staticmesh component that is flag with override vertex color buffer, but the buffer is empty after loading(serializing) it. Resave the map to fix the component override vertex color data.
[satisfactory-server] 08.10.2026 13:00:05 [2026.10.08-00.00.05:404][457]LogStaticMesh: Loading a staticmesh component that is flag with override vertex color buffer, but the buffer is empty after loading(serializing) it. Resave the map to fix the component override vertex color data.
[satisfactory-server] 08.10.2026 13:00:05 [2026.10.08-00.00.05:404][457]LogStaticMesh: Loading a staticmesh component that is flag with override vertex color buffer, but the buffer is empty after loading(serializing) it. Resave the map to fix the component override vertex color data.
[satisfactory-server] 08.10.2026 13:00:05 [2026.10.08-00.00.05:404][457]LogStaticMesh: Loading a staticmesh component that is flag with override vertex color buffer, but the buffer is empty after loading(serializing) it. Resave the map to fix the component override vertex color data.
[satisfactory-server] 08.10.2026 13:00:05 [2026.10.08-00.00.05:404][457]LogStaticMesh: Loading a staticmesh component that is flag with override vertex color buffer, but the buffer is empty after loading(serializing) it. Resave the map to fix the component override vertex color data.
[satisfactory-server] 08.10.2026 13:00:05 [2026.10.08-00.00.05:404][457]LogStaticMesh: Loading a staticmesh component that is flag with override vertex color buffer, but the buffer is empty after loading(serializing) it. Resave the map to fix the component override vertex color data.
[satisfactory-server] 08.10.2026 13:00:05 [2026.10.08-00.00.05:404][457]LogStaticMesh: Loading a staticmesh component that is flag with override vertex color buffer, but the buffer is empty after loading(serializing) it. Resave the map to fix the component override vertex color data.
[satisfactory-server] 08.10.2026 13:00:05 [2026.10.08-00.00.05:404][457]LogStaticMesh: Loading a staticmesh component that is flag with override vertex color buffer, but the buffer is empty after loading(serializing) it. Resave the map to fix the component override vertex color data.
[satisfactory-server] 08.10.2026 13:00:05 [2026.10.08-00.00.05:404][457]LogStaticMesh: Loading a staticmesh component that is flag with override vertex color buffer, but the buffer is empty after loading(serializing) it. Resave the map to fix the component override vertex color data.
[satisfactory-server] 08.10.2026 13:00:05 [2026.10.08-00.00.05:404][457]LogStaticMesh: Loading a staticmesh component that is flag with override vertex color buffer, but the buffer is empty after loading(serializing) it. Resave the map to fix the component override vertex color data.
[satisfactory-server] 08.10.2026 13:00:05 [2026.10.08-00.00.05:404][457]LogStaticMesh: Loading a staticmesh component that is flag with override vertex color buffer, but the buffer is empty after loading(serializing) it. Resave the map to fix the component override vertex color data.
[satisfactory-server] 08.10.2026 13:00:05 [2026.10.08-00.00.05:404][457]LogStaticMesh: Loading a staticmesh component that is flag with override vertex color buffer, but the buffer is empty after loading(serializing) it. Resave the map to fix the component override vertex color data.
[satisfactory-server] 08.10.2026 13:00:05 [2026.10.08-00.00.05:404][457]LogStaticMesh: Loading a staticmesh component that is flag with override vertex color buffer, but the buffer is empty after loading(serializing) it. Resave the map to fix the component override vertex color data.
[satisfactory-server] 08.10.2026 13:00:05 [2026.10.08-00.00.05:404][457]LogStaticMesh: Loading a staticmesh component that is flag with override vertex color buffer, but the buffer is empty after loading(serializing) it. Resave the map to fix the component override vertex color data.
[satisfactory-server] 08.10.2026 13:00:05 [2026.10.08-00.00.05:404][457]LogStaticMesh: Loading a staticmesh component that is flag with override vertex color buffer, but the buffer is empty after loading(serializing) it. Resave the map to fix the component override vertex color data.
[satisfactory-server] 08.10.2026 13:00:05 [2026.10.08-00.00.05:404][457]LogStaticMesh: Loading a staticmesh component that is flag with override vertex color buffer, but the buffer is empty after loading(serializing) it. Resave the map to fix the component override vertex color data.
[satisfactory-server] 08.10.2026 13:00:05 [2026.10.08-00.00.05:404][457]LogStaticMesh: Loading a staticmesh component that is flag with override vertex color buffer, but the buffer is empty after loading(serializing) it. Resave the map to fix the component override vertex color data.
[satisfactory-server] 08.10.2026 13:00:05 [2026.10.08-00.00.05:404][457]LogStaticMesh: Loading a staticmesh component that is flag with override vertex color buffer, but the buffer is empty after loading(serializing) it. Resave the map to fix the component override vertex color data.
[satisfactory-server] 08.10.2026 13:00:05 [2026.10.08-00.00.05:404][457]LogStaticMesh: Loading a staticmesh component that is flag with override vertex color buffer, but the buffer is empty after loading(serializing) it. Resave the map to fix the component override vertex color data.
[satisfactory-server] 08.10.2026 13:00:05 [2026.10.08-00.00.05:404][457]LogStaticMesh: Loading a staticmesh component that is flag with override vertex color buffer, but the buffer is empty after loading(serializing) it. Resave the map to fix the component override vertex color data.
[satisfactory-server] 08.10.2026 13:00:05 [2026.10.08-00.00.05:404][457]LogStaticMesh: Loading a staticmesh component that is flag with override vertex color buffer, but the buffer is empty after loading(serializing) it. Resave the map to fix the component override vertex color data.
[satisfactory-server] 08.10.2026 13:00:05 [2026.10.08-00.00.05:404][457]LogStaticMesh: Loading a staticmesh component that is flag with override vertex color buffer, but the buffer is empty after loading(serializing) it. Resave the map to fix the component override vertex color data.
[satisfactory-server] 08.10.2026 13:00:05 [2026.10.08-00.00.05:404][457]LogStaticMesh: Loading a staticmesh component that is flag with override vertex color buffer, but the buffer is empty after loading(serializing) it. Resave the map to fix the component override vertex color data.
[satisfactory-server] 08.10.2026 13:00:05 [2026.10.08-00.00.05:404][457]LogStaticMesh: Loading a staticmesh component that is flag with override vertex color buffer, but the buffer is empty after loading(serializing) it. Resave the map to fix the component override vertex color data.
[satisfactory-server] 08.10.2026 13:00:05 [2026.10.08-00.00.05:404][457]LogStaticMesh: Loading a staticmesh component that is flag with override vertex color buffer, but the buffer is empty after loading(serializing) it. Resave the map to fix the component override vertex color data.
[satisfactory-server] 08.10.2026 13:00:05 [2026.10.08-00.00.05:404][457]LogStaticMesh: Loading a staticmesh component that is flag with override vertex color buffer, but the buffer is empty after loading(serializing) it. Resave the map to fix the component override vertex color data.
[satisfactory-server] 08.10.2026 13:00:05 [2026.10.08-00.00.05:404][457]LogStaticMesh: Loading a staticmesh component that is flag with override vertex color buffer, but the buffer is empty after loading(serializing) it. Resave the map to fix the component override vertex color data.
[satisfactory-server] 08.10.2026 13:00:05 [2026.10.08-00.00.05:404][457]LogStaticMesh: Loading a staticmesh component that is flag with override vertex color buffer, but the buffer is empty after loading(serializing) it. Resave the map to fix the component override vertex color data.
[satisfactory-server] 08.10.2026 13:00:05 [2026.10.08-00.00.05:404][457]LogStaticMesh: Loading a staticmesh component that is flag with override vertex color buffer, but the buffer is empty after loading(serializing) it. Resave the map to fix the component override vertex color data.
[satisfactory-server] 08.10.2026 13:00:05 [2026.10.08-00.00.05:404][457]LogStaticMesh: Loading a staticmesh component that is flag with override vertex color buffer, but the buffer is empty after loading(serializing) it. Resave the map to fix the component override vertex color data.
[satisfactory-server] 08.10.2026 13:00:05 [2026.10.08-00.00.05:404][457]LogStaticMesh: Loading a staticmesh component that is flag with override vertex color buffer, but the buffer is empty after loading(serializing) it. Resave the map to fix the component override vertex color data.
[satisfactory-server] 08.10.2026 13:00:05 [2026.10.08-00.00.05:404][457]LogStaticMesh: Loading a staticmesh component that is flag with override vertex color buffer, but the buffer is empty after loading(serializing) it. Resave the map to fix the component override vertex color data.
[satisfactory-server] 08.10.2026 13:00:05 [2026.10.08-00.00.05:404][457]LogStaticMesh: Loading a staticmesh component that is flag with override vertex color buffer, but the buffer is empty after loading(serializing) it. Resave the map to fix the component override vertex color data.
[satisfactory-server] 08.10.2026 13:00:05 [2026.10.08-00.00.05:404][457]LogStaticMesh: Loading a staticmesh component that is flag with override vertex color buffer, but the buffer is empty after loading(serializing) it. Resave the map to fix the component override vertex color data.
[satisfactory-server] 08.10.2026 13:00:05 [2026.10.08-00.00.05:404][457]LogStaticMesh: Loading a staticmesh component that is flag with override vertex color buffer, but the buffer is empty after loading(serializing) it. Resave the map to fix the component override vertex color data.
[satisfactory-server] 08.10.2026 13:00:05 [2026.10.08-00.00.05:404][457]LogStaticMesh: Loading a staticmesh component that is flag with override vertex color buffer, but the buffer is empty after loading(serializing) it. Resave the map to fix the component override vertex color data.
[satisfactory-server] 08.10.2026 13:00:05 [2026.10.08-00.00.05:404][457]LogStaticMesh: Loading a staticmesh component that is flag with override vertex color buffer, but the buffer is empty after loading(serializing) it. Resave the map to fix the component override vertex color data.
[satisfactory-server] 08.10.2026 13:00:05 [2026.10.08-00.00.05:404][457]LogStaticMesh: Loading a staticmesh component that is flag with override vertex color buffer, but the buffer is empty after loading(serializing) it. Resave the map to fix the component override vertex color data.
[satisfactory-server] 08.10.2026 13:00:05 [2026.10.08-00.00.05:404][457]LogStaticMesh: Loading a staticmesh component that is flag with override vertex color buffer, but the buffer is empty after loading(serializing) it. Resave the map to fix the component override vertex color data.
[satisfactory-server] 08.10.2026 13:00:05 [2026.10.08-00.00.05:404][457]LogStaticMesh: Loading a staticmesh component that is flag with override vertex color buffer, but the buffer is empty after loading(serializing) it. Resave the map to fix the component override vertex color data.
[satisfactory-server] 08.10.2026 13:00:05 [2026.10.08-00.00.05:404][457]LogStaticMesh: Loading a staticmesh component that is flag with override vertex color buffer, but the buffer is empty after loading(serializing) it. Resave the map to fix the component override vertex color data.
[satisfactory-server] 08.10.2026 13:00:05 [2026.10.08-00.00.05:404][457]LogStaticMesh: Loading a staticmesh component that is flag with override vertex color buffer, but the buffer is empty after loading(serializing) it. Resave the map to fix the component override vertex color data.
[satisfactory-server] 08.10.2026 13:00:05 [2026.10.08-00.00.05:404][457]LogStaticMesh: Loading a staticmesh component that is flag with override vertex color buffer, but the buffer is empty after loading(serializing) it. Resave the map to fix the component override vertex color data.
[satisfactory-server] 08.10.2026 13:00:05 [2026.10.08-00.00.05:404][457]LogStaticMesh: Loading a staticmesh component that is flag with override vertex color buffer, but the buffer is empty after loading(serializing) it. Resave the map to fix the component override vertex color data.
[satisfactory-server] 08.10.2026 13:00:05 [2026.10.08-00.00.05:404][457]LogStaticMesh: Loading a staticmesh component that is flag with override vertex color buffer, but the buffer is empty after loading(serializing) it. Resave the map to fix the component override vertex color data.
[satisfactory-server] 08.10.2026 13:00:05 [2026.10.08-00.00.05:404][457]LogStaticMesh: Loading a staticmesh component that is flag with override vertex color buffer, but the buffer is empty after loading(serializing) it. Resave the map to fix the component override vertex color data.
[satisfactory-server] 08.10.2026 13:00:05 [2026.10.08-00.00.05:404][457]LogStaticMesh: Loading a staticmesh component that is flag with override vertex color buffer, but the buffer is empty after loading(serializing) it. Resave the map to fix the component override vertex color data.
[satisfactory-server] 08.10.2026 13:00:05 [2026.10.08-00.00.05:404][457]LogStaticMesh: Loading a staticmesh component that is flag with override vertex color buffer, but the buffer is empty after loading(serializing) it. Resave the map to fix the component override vertex color data.
[satisfactory-server] 08.10.2026 13:00:05 [2026.10.08-00.00.05:404][457]LogStaticMesh: Loading a staticmesh component that is flag with override vertex color buffer, but the buffer is empty after loading(serializing) it. Resave the map to fix the component override vertex color data.
[satisfactory-server] 08.10.2026 13:00:05 [2026.10.08-00.00.05:404][457]LogStaticMesh: Loading a staticmesh component that is flag with override vertex color buffer, but the buffer is empty after loading(serializing) it. Resave the map to fix the component override vertex color data.
[satisfactory-server] 08.10.2026 13:00:05 [2026.10.08-00.00.05:404][457]LogStaticMesh: Loading a staticmesh component that is flag with override vertex color buffer, but the buffer is empty after loading(serializing) it. Resave the map to fix the component override vertex color data.
[satisfactory-server] 08.10.2026 13:00:05 [2026.10.08-00.00.05:404][457]LogStaticMesh: Loading a staticmesh component that is flag with override vertex color buffer, but the buffer is empty after loading(serializing) it. Resave the map to fix the component override vertex color data.
[satisfactory-server] 08.10.2026 13:00:05 [2026.10.08-00.00.05:404][457]LogStaticMesh: Loading a staticmesh component that is flag with override vertex color buffer, but the buffer is empty after loading(serializing) it. Resave the map to fix the component override vertex color data.
[satisfactory-server] 08.10.2026 13:00:05 [2026.10.08-00.00.05:404][457]LogStaticMesh: Loading a staticmesh component that is flag with override vertex color buffer, but the buffer is empty after loading(serializing) it. Resave the map to fix the component override vertex color data.
[satisfactory-server] 08.10.2026 13:00:05 [2026.10.08-00.00.05:404][457]LogStaticMesh: Loading a staticmesh component that is flag with override vertex color buffer, but the buffer is empty after loading(serializing) it. Resave the map to fix the component override vertex color data.
[satisfactory-server] 08.10.2026 13:00:05 [2026.10.08-00.00.05:404][457]LogStaticMesh: Loading a staticmesh component that is flag with override vertex color buffer, but the buffer is empty after loading(serializing) it. Resave the map to fix the component override vertex color data.
[satisfactory-server] 08.10.2026 13:00:05 [2026.10.08-00.00.05:404][457]LogStaticMesh: Loading a staticmesh component that is flag with override vertex color buffer, but the buffer is empty after loading(serializing) it. Resave the map to fix the component override vertex color data.
[satisfactory-server] 08.10.2026 13:00:05 [2026.10.08-00.00.05:404][457]LogStaticMesh: Loading a staticmesh component that is flag with override vertex color buffer, but the buffer is empty after loading(serializing) it. Resave the map to fix the component override vertex color data.
[satisfactory-server] 08.10.2026 13:00:05 [2026.10.08-00.00.05:404][457]LogStaticMesh: Loading a staticmesh component that is flag with override vertex color buffer, but the buffer is empty after loading(serializing) it. Resave the map to fix the component override vertex color data.
[satisfactory-server] 08.10.2026 13:00:05 [2026.10.08-00.00.05:404][457]LogStaticMesh: Loading a staticmesh component that is flag with override vertex color buffer, but the buffer is empty after loading(serializing) it. Resave the map to fix the component override vertex color data.
[satisfactory-server] 08.10.2026 13:00:05 [2026.10.08-00.00.05:404][457]LogStaticMesh: Loading a staticmesh component that is flag with override vertex color buffer, but the buffer is empty after loading(serializing) it. Resave the map to fix the component override vertex color data.
[satisfactory-server] 08.10.2026 13:00:05 [2026.10.08-00.00.05:404][457]LogStaticMesh: Loading a staticmesh component that is flag with override vertex color buffer, but the buffer is empty after loading(serializing) it. Resave the map to fix the component override vertex color data.
[satisfactory-server] 08.10.2026 13:00:05 [2026.10.08-00.00.05:404][457]LogStaticMesh: Loading a staticmesh component that is flag with override vertex color buffer, but the buffer is empty after loading(serializing) it. Resave the map to fix the component override vertex color data.
[satisfactory-server] 08.10.2026 13:00:05 [2026.10.08-00.00.05:404][457]LogStaticMesh: Loading a staticmesh component that is flag with override vertex color buffer, but the buffer is empty after loading(serializing) it. Resave the map to fix the component override vertex color data.
[satisfactory-server] 08.10.2026 13:00:05 [2026.10.08-00.00.05:404][457]LogStaticMesh: Loading a staticmesh component that is flag with override vertex color buffer, but the buffer is empty after loading(serializing) it. Resave the map to fix the component override vertex color data.
[satisfactory-server] 08.10.2026 13:00:05 [2026.10.08-00.00.05:404][457]LogStaticMesh: Loading a staticmesh component that is flag with override vertex color buffer, but the buffer is empty after loading(serializing) it. Resave the map to fix the component override vertex color data.
[satisfactory-server] 08.10.2026 13:00:05 [2026.10.08-00.00.05:404][457]LogStaticMesh: Loading a staticmesh component that is flag with override vertex color buffer, but the buffer is empty after loading(serializing) it. Resave the map to fix the component override vertex color data.
[satisfactory-server] 08.10.2026 13:00:05 [2026.10.08-00.00.05:404][457]LogStaticMesh: Loading a staticmesh component that is flag with override vertex color buffer, but the buffer is empty after loading(serializing) it. Resave the map to fix the component override vertex color data.
[satisfactory-server] 08.10.2026 13:00:05 [2026.10.08-00.00.05:440][457]LogWorldPartition: UWorldPartitionRuntimeSpatialHash::PostLoad : UseAlignedGridLevels = 0, SnapNonAlignedGridLevelsToLowerLevels = 1
[satisfactory-server] 08.10.2026 13:00:05 [2026.10.08-00.00.05:516][457]LogWorldPartition: ULevel::OnLevelLoaded(Persistent_Level)(bIsOwningWorldGameWorld=1, bIsOwningWorldPartitioned=1, InitializeForMainWorld=1, InitializeForEditor=0, InitializeForGame=1)
[satisfactory-server] 08.10.2026 13:00:05 [2026.10.08-00.00.05:516][457]LogWorldPartition: Display: WorldPartition initialize started...
[satisfactory-server] 08.10.2026 13:00:05 [2026.10.08-00.00.05:516][457]LogWorldPartition: UWorldPartition::Initialize : World = /Game/FactoryGame/Map/GameLevel01/Persistent_Level.Persistent_Level, World Type = Game, IsMainWorldPartition = 1, Location = V(0), Rotation = R(0), IsEditor = 0, IsGame = 0, IsPIEWorldTravel = 0, IsCooking = 0
[satisfactory-server] 08.10.2026 13:00:05 [2026.10.08-00.00.05:516][457]LogWorldPartition: UWorldPartition::Initialize Context : World NetMode = Dedicated Server, IsServer = 1, IsDedicatedServer = 1, IsServerStreamingEnabled = 1, IsServerStreamingOutEnabled = 0, IsUsingMakingVisibleTransaction = 0, IsUsingMakingInvisibleTransaction = 0
[satisfactory-server] 08.10.2026 13:00:05 [2026.10.08-00.00.05:516][457]LogWorldPartition: Initial Data Layer Effective States Activated(DL_Cave) Loaded()
[satisfactory-server] 08.10.2026 13:00:05 [2026.10.08-00.00.05:517][457]LogWorldPartition: Display: WorldPartition initialize took 1.010 ms (total: 2.067 ms)
[satisfactory-server] 08.10.2026 13:00:05 [2026.10.08-00.00.05:626][457]LogLoad: Game class is 'BP_GameMode_C'
[satisfactory-server] 08.10.2026 13:00:05 [2026.10.08-00.00.05:628][457]LogReplicationGraph: Display: SetActorDiscoveryBudget set to 20 kBps (5333 bits per network tick).
[satisfactory-server] 08.10.2026 13:00:06 [2026.10.08-00.00.05:628][457]LogNetCore: DDoS detection status: detection enabled: 0 analytics enabled: 0
[satisfactory-server] 08.10.2026 13:00:06 [2026.10.08-00.00.05:628][457]LogPushModel: PushModel HandleCreation is now enabled
[satisfactory-server] 08.10.2026 13:00:06 [2026.10.08-00.00.05:628][457]LogNet: InitBase GameNetDriver (NetDriverDefinition GameNetDriver) using replication model FGReplicationGraph
[satisfactory-server] 08.10.2026 13:00:06 [2026.10.08-00.00.05:628][457]LogServer: Display: Re-claiming Server Socket from Server Subsystem
[satisfactory-server] 08.10.2026 13:00:06 [2026.10.08-00.00.05:628][457]LogNet: Created socket for bind address: [::]:0
[satisfactory-server] 08.10.2026 13:00:06 [2026.10.08-00.00.05:628][457]PacketHandlerLog: Loaded PacketHandler component: DTLSHandlerComponent ()
[satisfactory-server] 08.10.2026 13:00:06 [2026.10.08-00.00.05:628][457]PacketHandlerLog: Loaded PacketHandler component: Engine.EngineHandlerComponentFactory (StatelessConnectHandlerComponent)
[satisfactory-server] 08.10.2026 13:00:06 [2026.10.08-00.00.05:628][457]PacketHandlerLog: Loaded PacketHandler component: FactoryDedicatedServer.DSQueryHandlerComponentFactory (DSQueryHandlerComponent)
[satisfactory-server] 08.10.2026 13:00:06 [2026.10.08-00.00.05:628][457]LogNet: Name:GameNetDriver Def:GameNetDriver FGDSIpNetDriver_2147444991 IpNetDriver listening on port 7777
[satisfactory-server] 08.10.2026 13:00:06 [2026.10.08-00.00.05:678][457]LogWorld: Bringing World /Game/FactoryGame/Map/GameLevel01/Persistent_Level.Persistent_Level up for play (max tick rate 30) at 2026.10.08-00.00.05
[satisfactory-server] 08.10.2026 13:00:06 [2026.10.08-00.00.05:679][457]LogGame: Discovered 21 Remote Call Objects on AFGGameMode::InitGame
[satisfactory-server] 08.10.2026 13:00:06 [2026.10.08-00.00.05:743][457]LogSeasonalEvents: AFGEventSubsystem::GetCurrentEvents: No active seasonal events
[satisfactory-server] 08.10.2026 13:00:06 [2026.10.08-00.00.06:379][457]LogGame: Decompression: 0.021 seconds
[satisfactory-server] 08.10.2026 13:00:06 [2026.10.08-00.00.06:386][457]LogGame: Serialize Loaded (up to persistent and runtime) time: 0.007 
[satisfactory-server] 08.10.2026 13:00:06 [2026.10.08-00.00.06:386][457]LogGame: Waiting for level streaming on persistent and always loaded levels
[satisfactory-server] 08.10.2026 13:00:06 [2026.10.08-00.00.06:388][457]LogGame: Built World Partition cell cache for World '/Game/FactoryGame/Map/GameLevel01/Persistent_Level.Persistent_Level', 4524 cells in cache.
[satisfactory-server] 08.10.2026 13:00:06 [2026.10.08-00.00.06:388][457]LogGame: Start persistent and runtime deserialization
[satisfactory-server] 08.10.2026 13:00:06 [2026.10.08-00.00.06:688][457]LogGame: Total TOC time: 0.300 
[satisfactory-server] 08.10.2026 13:00:06 [2026.10.08-00.00.06:820][457]LogSave: Error: Object Reference '6TMVZI9PWKZ9SY56UV7G69H8V::Persistent_Level:PersistentLevel.BP_EnemySpawner811' is contained inside of the World Partition Cell 'WorldPartitionRuntimeLevelStreamingCell /Game/FactoryGame/Map/GameLevel01/Persistent_Level.Persistent_Level:PersistentLevel.FGWorldSettings.WorldPartition_0.FGWorldPartitionRuntimeSpatialHash_0.6TMVZI9PWKZ9SY56UV7G69H8V', that is currently Unloaded. References to it from the current level will not be resolved!
[satisfactory-server] 08.10.2026 13:00:06 [2026.10.08-00.00.06:820][457]LogSave: Warning: Failed to find level 6TMVZI9PWKZ9SY56UV7G69H8V
[satisfactory-server] 08.10.2026 13:00:06 [2026.10.08-00.00.06:820][457]LogSave: Error: Object Reference '6TMVZI9PWKZ9SY56UV7G69H8V::Persistent_Level:PersistentLevel.BP_Spline139_34' is contained inside of the World Partition Cell 'WorldPartitionRuntimeLevelStreamingCell /Game/FactoryGame/Map/GameLevel01/Persistent_Level.Persistent_Level:PersistentLevel.FGWorldSettings.WorldPartition_0.FGWorldPartitionRuntimeSpatialHash_0.6TMVZI9PWKZ9SY56UV7G69H8V', that is currently Unloaded. References to it from the current level will not be resolved!
[satisfactory-server] 08.10.2026 13:00:06 [2026.10.08-00.00.06:820][457]LogSave: Warning: Failed to find level 6TMVZI9PWKZ9SY56UV7G69H8V
[satisfactory-server] 08.10.2026 13:00:06 [2026.10.08-00.00.06:821][457]LogSave: Error: Object Reference '6TMVZI9PWKZ9SY56UV7G69H8V::Persistent_Level:PersistentLevel.BP_EnemySpawner698' is contained inside of the World Partition Cell 'WorldPartitionRuntimeLevelStreamingCell /Game/FactoryGame/Map/GameLevel01/Persistent_Level.Persistent_Level:PersistentLevel.FGWorldSettings.WorldPartition_0.FGWorldPartitionRuntimeSpatialHash_0.6TMVZI9PWKZ9SY56UV7G69H8V', that is currently Unloaded. References to it from the current level will not be resolved!
[satisfactory-server] 08.10.2026 13:00:06 [2026.10.08-00.00.06:821][457]LogSave: Warning: Failed to find level 6TMVZI9PWKZ9SY56UV7G69H8V
[satisfactory-server] 08.10.2026 13:00:06 [2026.10.08-00.00.06:849][457]LogGame: Total Data time: 0.161 
[satisfactory-server] 08.10.2026 13:00:06 [2026.10.08-00.00.06:849][457]LogGame: Total Destroyed time: 0.000 
[satisfactory-server] 08.10.2026 13:00:06 [2026.10.08-00.00.06:856][457]LogGame: Total PostLoad time: 0.007 
[satisfactory-server] 08.10.2026 13:00:06 [2026.10.08-00.00.06:856][457]LogSave: Warning: ========= [/Game/FactoryGame/Map/GameLevel01/Persistent_Level/_Generated_/8XA9Y6NF2O9EGM8WJ77CF79NM.Persistent_Level:PersistentLevel] Load error summary =========
[satisfactory-server] 08.10.2026 13:00:06 [2026.10.08-00.00.06:856][457]LogSave: Warning: ========= Unknown Classes =========
[satisfactory-server] 08.10.2026 13:00:06 [2026.10.08-00.00.06:856][457]LogSave: Warning: ========= Unknown Levels =========
[satisfactory-server] 08.10.2026 13:00:06 [2026.10.08-00.00.06:856][457]LogSave: Warning: 6TMVZI9PWKZ9SY56UV7G69H8V
[satisfactory-server] 08.10.2026 13:00:06 [2026.10.08-00.00.06:856][457]LogSave: Warning: ========= Unknown Objects =========
[satisfactory-server] 08.10.2026 13:00:06 [2026.10.08-00.00.06:856][457]LogSave: Warning: Persistent_Level::Persistent_Level:PersistentLevel.Build_Locker_MK1_C_2147480831
[satisfactory-server] 08.10.2026 13:00:06 [2026.10.08-00.00.06:856][457]LogGame: Total Deserialize time: 0.468 
[satisfactory-server] 08.10.2026 13:00:06 [2026.10.08-00.00.06:856][457]LogSave: Display: ========= [] NO LOAD ERRORS FOUND =D =========
[satisfactory-server] 08.10.2026 13:00:06 [2026.10.08-00.00.06:856][457]LogGame: World Serialization (load): 0.477 seconds
[satisfactory-server] 08.10.2026 13:00:06 [2026.10.08-00.00.06:898][457]LogWorld: Bringing up level for play took: 1.270069
[satisfactory-server] 08.10.2026 13:00:06 [2026.10.08-00.00.06:899][457]LogNavigation: Warning: Navigation System: registration queue full! System:/Game/FactoryGame/Map/GameLevel01/Persistent_Level.Persistent_Level:NavigationSystemV1_2147445008 NavData:/Game/FactoryGame/Map/GameLevel01/Persistent_Level.Persistent_Level:PersistentLevel.FGEliteNavMesh_UAID_04421A9712A5C28A02-Elite
[satisfactory-server] 08.10.2026 13:00:06 [2026.10.08-00.00.06:899][457]LogNavigation: Warning: Navigation System: registration queue full! System:/Game/FactoryGame/Map/GameLevel01/Persistent_Level.Persistent_Level:NavigationSystemV1_2147445008 NavData:/Game/FactoryGame/Map/GameLevel01/Persistent_Level.Persistent_Level:PersistentLevel.FGEliteNavMesh_UAID_107C613DF100648602-Elite
[satisfactory-server] 08.10.2026 13:00:06 [2026.10.08-00.00.06:899][457]LogNavigation: Warning: Navigation System: registration queue full! System:/Game/FactoryGame/Map/GameLevel01/Persistent_Level.Persistent_Level:NavigationSystemV1_2147445008 NavData:/Game/FactoryGame/Map/GameLevel01/Persistent_Level.Persistent_Level:PersistentLevel.FGGiraffeNavMesh_UAID_04421A9712A5C28A02-Giraffe
[satisfactory-server] 08.10.2026 13:00:06 [2026.10.08-00.00.06:899][457]LogNavigation: Warning: Navigation System: registration queue full! System:/Game/FactoryGame/Map/GameLevel01/Persistent_Level.Persistent_Level:NavigationSystemV1_2147445008 NavData:/Game/FactoryGame/Map/GameLevel01/Persistent_Level.Persistent_Level:PersistentLevel.FGGiraffeNavMesh_UAID_107C613DF100648602-Giraffe
[satisfactory-server] 08.10.2026 13:00:06 [2026.10.08-00.00.06:899][457]LogNavigation: Error: Navmesh bounds are too large! Limiting requested tiles count (306440) to: (65536) for FGAlphaNavMesh /Game/FactoryGame/Map/GameLevel01/Persistent_Level.Persistent_Level:PersistentLevel.FGAlphaNavMesh_UAID_107C613DF100648602-Alpha. To resolve this, try using bigger tiles or increasing the TileNumberHardLimit in the NavMesh properties.
[satisfactory-server] 08.10.2026 13:00:06 [2026.10.08-00.00.06:900][457]LogNavigation: Warning: NavData RegistrationFailed_AgentAlreadySupported, specified agent type already has its navmesh implemented.
[satisfactory-server] 08.10.2026 13:00:06 [2026.10.08-00.00.06:901][457]LogNavigation: Error: Navmesh bounds are too large! Limiting requested tiles count (306440) to: (65536) for FGDefaultNavMesh /Game/FactoryGame/Map/GameLevel01/Persistent_Level.Persistent_Level:PersistentLevel.FGDefaultNavMesh_UAID_107C613DF100648602-Default. To resolve this, try using bigger tiles or increasing the TileNumberHardLimit in the NavMesh properties.
[satisfactory-server] 08.10.2026 13:00:06 [2026.10.08-00.00.06:902][457]LogNavigation: Warning: NavData RegistrationFailed_AgentAlreadySupported, specified agent type already has its navmesh implemented.
[satisfactory-server] 08.10.2026 13:00:06 [2026.10.08-00.00.06:903][457]LogNavigation: Error: Navmesh bounds are too large! Limiting requested tiles count (306440) to: (65536) for FGCritterNavMesh /Game/FactoryGame/Map/GameLevel01/Persistent_Level.Persistent_Level:PersistentLevel.FGCritterNavMesh_UAID_107C613DF100648602-Critter. To resolve this, try using bigger tiles or increasing the TileNumberHardLimit in the NavMesh properties.
[satisfactory-server] 08.10.2026 13:00:06 [2026.10.08-00.00.06:905][457]LogNavigation: Warning: NavData RegistrationFailed_AgentAlreadySupported, specified agent type already has its navmesh implemented.
[satisfactory-server] 08.10.2026 13:00:06 [2026.10.08-00.00.06:905][457]LogNavigation: Warning: NavData RegistrationFailed_AgentNotValid, NavData instance contains navmesh that doesn't support any of expected agent types.
[satisfactory-server] 08.10.2026 13:00:06 [2026.10.08-00.00.06:905][457]LogNavigation: Warning: NavData RegistrationFailed_AgentNotValid, NavData instance contains navmesh that doesn't support any of expected agent types.
[satisfactory-server] 08.10.2026 13:00:06 [2026.10.08-00.00.06:905][457]LogNavigation: Warning: NavData RegistrationFailed_AgentNotValid, NavData instance contains navmesh that doesn't support any of expected agent types.
[satisfactory-server] 08.10.2026 13:00:06 [2026.10.08-00.00.06:905][457]LogNavigation: Warning: NavData RegistrationFailed_AgentNotValid, NavData instance contains navmesh that doesn't support any of expected agent types.
[satisfactory-server] 08.10.2026 13:00:06 [2026.10.08-00.00.06:907][457]LogNavigation: Warning: NavData RegistrationFailed_AgentNotValid, NavData instance contains navmesh that doesn't support any of expected agent types.
[satisfactory-server] 08.10.2026 13:00:06 [2026.10.08-00.00.06:907][457]LogNavigation: Warning: NavData RegistrationFailed_AgentNotValid, NavData instance contains navmesh that doesn't support any of expected agent types.
[satisfactory-server] 08.10.2026 13:00:06 [2026.10.08-00.00.06:908][457]LogNavigation: Warning: NavData RegistrationFailed_AgentNotValid, NavData instance contains navmesh that doesn't support any of expected agent types.
[satisfactory-server] 08.10.2026 13:00:06 [2026.10.08-00.00.06:910][457]LogNavigation: Warning: NavData RegistrationFailed_AgentNotValid, NavData instance contains navmesh that doesn't support any of expected agent types.
[satisfactory-server] 08.10.2026 13:00:06 [2026.10.08-00.00.06:910][457]LogNavigation: Warning: NavData RegistrationFailed_AgentNotValid, NavData instance contains navmesh that doesn't support any of expected agent types.
[satisfactory-server] 08.10.2026 13:00:06 [2026.10.08-00.00.06:912][457]LogNavigation: Warning: AddNode: Empty bounds, ignoring FGWaterVolume /Game/FactoryGame/Map/GameLevel01/Persistent_Level.Persistent_Level:PersistentLevel.FGWaterVolume_UAID_04421A971D488DC301_1756062899.
[satisfactory-server] 08.10.2026 13:00:06 [2026.10.08-00.00.06:912][457]LogNavigation: Warning: AddNode: Empty bounds, ignoring FGWaterVolume /Game/FactoryGame/Map/GameLevel01/Persistent_Level.Persistent_Level:PersistentLevel.FGWaterVolume_UAID_04421A971D4867C501_1719327323.
[satisfactory-server] 08.10.2026 13:00:06 [2026.10.08-00.00.06:912][457]LogNavigation: Warning: AddNode: Empty bounds, ignoring FGWaterVolume /Game/FactoryGame/Map/GameLevel01/Persistent_Level.Persistent_Level:PersistentLevel.FGWaterVolume_UAID_04421A971D4893C301_1873925957.
[satisfactory-server] 08.10.2026 13:00:06 [2026.10.08-00.00.06:912][457]LogNavigation: Warning: AddNode: Empty bounds, ignoring FGWaterVolume /Game/FactoryGame/Map/GameLevel01/Persistent_Level.Persistent_Level:PersistentLevel.FGWaterVolume_UAID_04421A971D48CFC301_1960588519.
[satisfactory-server] 08.10.2026 13:00:06 [2026.10.08-00.00.06:913][457]LogNavigation: Warning: AddNode: Empty bounds, ignoring FGWaterVolume /Game/FactoryGame/Map/GameLevel01/Persistent_Level.Persistent_Level:PersistentLevel.FGWaterVolume_UAID_04421A971D4893C301_2008175959.
[satisfactory-server] 08.10.2026 13:00:06 [2026.10.08-00.00.06:913][457]LogNavigation: Warning: AddNode: Empty bounds, ignoring FGWaterVolume /Game/FactoryGame/Map/GameLevel01/Persistent_Level.Persistent_Level:PersistentLevel.FGWaterVolume_UAID_04421A971D4896C301_1149918480.
[satisfactory-server] 08.10.2026 13:00:06 [2026.10.08-00.00.06:913][457]LogNavigation: Warning: AddNode: Empty bounds, ignoring FGWaterVolume /Game/FactoryGame/Map/GameLevel01/Persistent_Level.Persistent_Level:PersistentLevel.FGWaterVolume_UAID_04421A971D4896C301_1838890481.
[satisfactory-server] 08.10.2026 13:00:06 [2026.10.08-00.00.06:913][457]LogNavigation: Warning: AddNode: Empty bounds, ignoring FGWaterVolume /Game/FactoryGame/Map/GameLevel01/Persistent_Level.Persistent_Level:PersistentLevel.FGWaterVolume_UAID_04421A971D4893C301_1793936956.
[satisfactory-server] 08.10.2026 13:00:06 [2026.10.08-00.00.06:913][457]LogNavigation: Warning: AddNode: Empty bounds, ignoring FGWaterVolume /Game/FactoryGame/Map/GameLevel01/Persistent_Level.Persistent_Level:PersistentLevel.FGWaterVolume_UAID_04421A971D4893C301_1954321958.
[satisfactory-server] 08.10.2026 13:00:06 [2026.10.08-00.00.06:915][457]LogNavigation: Warning: AddNode: Empty bounds, ignoring FGWaterVolume /Game/FactoryGame/Map/GameLevel01/Persistent_Level.Persistent_Level:PersistentLevel.FGWaterVolume_UAID_04421A971D488DC301_1756062899.
[satisfactory-server] 08.10.2026 13:00:06 [2026.10.08-00.00.06:915][457]LogNavigation: Warning: AddNode: Empty bounds, ignoring FGWaterVolume /Game/FactoryGame/Map/GameLevel01/Persistent_Level.Persistent_Level:PersistentLevel.FGWaterVolume_UAID_04421A971D4867C501_1719327323.
[satisfactory-server] 08.10.2026 13:00:07 [2026.10.08-00.00.06:915][457]LogNavigation: Warning: AddNode: Empty bounds, ignoring FGWaterVolume /Game/FactoryGame/Map/GameLevel01/Persistent_Level.Persistent_Level:PersistentLevel.FGWaterVolume_UAID_04421A971D4893C301_1873925957.
[satisfactory-server] 08.10.2026 13:00:07 [2026.10.08-00.00.06:915][457]LogNavigation: Warning: AddNode: Empty bounds, ignoring FGWaterVolume /Game/FactoryGame/Map/GameLevel01/Persistent_Level.Persistent_Level:PersistentLevel.FGWaterVolume_UAID_04421A971D48CFC301_1960588519.
[satisfactory-server] 08.10.2026 13:00:07 [2026.10.08-00.00.06:915][457]LogNavigation: Warning: AddNode: Empty bounds, ignoring FGWaterVolume /Game/FactoryGame/Map/GameLevel01/Persistent_Level.Persistent_Level:PersistentLevel.FGWaterVolume_UAID_04421A971D4893C301_2008175959.
[satisfactory-server] 08.10.2026 13:00:07 [2026.10.08-00.00.06:915][457]LogNavigation: Warning: AddNode: Empty bounds, ignoring FGWaterVolume /Game/FactoryGame/Map/GameLevel01/Persistent_Level.Persistent_Level:PersistentLevel.FGWaterVolume_UAID_04421A971D4896C301_1149918480.
[satisfactory-server] 08.10.2026 13:00:07 [2026.10.08-00.00.06:915][457]LogNavigation: Warning: AddNode: Empty bounds, ignoring FGWaterVolume /Game/FactoryGame/Map/GameLevel01/Persistent_Level.Persistent_Level:PersistentLevel.FGWaterVolume_UAID_04421A971D4896C301_1838890481.
[satisfactory-server] 08.10.2026 13:00:07 [2026.10.08-00.00.06:916][457]LogNavigation: Warning: AddNode: Empty bounds, ignoring FGWaterVolume /Game/FactoryGame/Map/GameLevel01/Persistent_Level.Persistent_Level:PersistentLevel.FGWaterVolume_UAID_04421A971D4893C301_1793936956.
[satisfactory-server] 08.10.2026 13:00:07 [2026.10.08-00.00.06:916][457]LogNavigation: Warning: AddNode: Empty bounds, ignoring FGWaterVolume /Game/FactoryGame/Map/GameLevel01/Persistent_Level.Persistent_Level:PersistentLevel.FGWaterVolume_UAID_04421A971D4893C301_1954321958.
[satisfactory-server] 08.10.2026 13:00:07 [2026.10.08-00.00.06:917][457]LogReliableMessaging: Server streaming socket bound to port 8888
[satisfactory-server] 08.10.2026 13:00:07 [2026.10.08-00.00.06:917][457]LogReliableMessaging: Reliable socket listen port has been explicitly remapped to 8888.
[satisfactory-server] 08.10.2026 13:00:07 [2026.10.08-00.00.06:917][457]LogGameMode: Display: Match State Changed from EnteringMap to WaitingToStart
[satisfactory-server] 08.10.2026 13:00:07 [2026.10.08-00.00.06:920][457]LogWeather: [Frame #1488457] Weather state BeginPlay for BP_Weather_Windy_Weak_C_2147444036
[satisfactory-server] 08.10.2026 13:00:07 [2026.10.08-00.00.06:952][457]LogConveyorChain: Server Build Conveyor Items Num: 383
[satisfactory-server] 08.10.2026 13:00:07 [2026.10.08-00.00.06:991][457]LogGame: Apply Lightweight Instances from Load took: 0.039132 seconds
[satisfactory-server] 08.10.2026 13:00:07 [2026.10.08-00.00.07:031][457]LogGame: Error: IFGOptionInterfaceImpl::GetOptionValue - Could not find user setting with id 'conveyor.UseExperimental'
[satisfactory-server] 08.10.2026 13:00:07 [2026.10.08-00.00.07:032][457]LogCreature: Updated Navigation Generation settings for Critter
[satisfactory-server] 08.10.2026 13:00:07 [2026.10.08-00.00.07:032][457]LogCreature: Updated Navigation Generation settings for Default
[satisfactory-server] 08.10.2026 13:00:07 [2026.10.08-00.00.07:032][457]LogCreature: Updated Navigation Generation settings for Alpha
[satisfactory-server] 08.10.2026 13:00:07 [2026.10.08-00.00.07:032][457]LogCreature: Error: Nav Data for agent Elite was not found. This is quite the problem and will likely result in creatures not moving. Sadge.
[satisfactory-server] 08.10.2026 13:00:07 [2026.10.08-00.00.07:032][457]LogCreature: Error: Nav Data for agent Giraffe was not found. This is quite the problem and will likely result in creatures not moving. Sadge.
[satisfactory-server] 08.10.2026 13:00:07 [2026.10.08-00.00.07:032][457]LogNavigationDataBuild: Display:    RebuildAll building NavData:  Name Alpha class /Script/FactoryGame.FGAlphaNavMesh agent radius 120.0.
[satisfactory-server] 08.10.2026 13:00:07 [2026.10.08-00.00.07:032][457]LogNavigationDataBuild: Display:    RebuildAll load time: 0.00s
[satisfactory-server] 08.10.2026 13:00:07 [2026.10.08-00.00.07:032][457]LogNavigation: Error: Navmesh bounds are too large! Limiting requested tiles count (306440) to: (65536) for FGAlphaNavMesh /Game/FactoryGame/Map/GameLevel01/Persistent_Level.Persistent_Level:PersistentLevel.FGAlphaNavMesh_UAID_107C613DF100648602-Alpha. To resolve this, try using bigger tiles or increasing the TileNumberHardLimit in the NavMesh properties.
[satisfactory-server] 08.10.2026 13:00:07 [2026.10.08-00.00.07:035][457]LogNavigation: Error: Navmesh bounds are too large! Limiting requested tiles count (306440) to: (65536) for FGAlphaNavMesh /Game/FactoryGame/Map/GameLevel01/Persistent_Level.Persistent_Level:PersistentLevel.FGAlphaNavMesh_UAID_107C613DF100648602-Alpha. To resolve this, try using bigger tiles or increasing the TileNumberHardLimit in the NavMesh properties.
[satisfactory-server] 08.10.2026 13:00:07 [2026.10.08-00.00.07:038][457]LogNavigationDataBuild: Display:    RebuildAll building NavData:  Name Default class /Script/FactoryGame.FGDefaultNavMesh agent radius 85.5.
[satisfactory-server] 08.10.2026 13:00:07 [2026.10.08-00.00.07:038][457]LogNavigationDataBuild: Display:    RebuildAll load time: 0.00s
[satisfactory-server] 08.10.2026 13:00:07 [2026.10.08-00.00.07:038][457]LogNavigation: Error: Navmesh bounds are too large! Limiting requested tiles count (306440) to: (65536) for FGDefaultNavMesh /Game/FactoryGame/Map/GameLevel01/Persistent_Level.Persistent_Level:PersistentLevel.FGDefaultNavMesh_UAID_107C613DF100648602-Default. To resolve this, try using bigger tiles or increasing the TileNumberHardLimit in the NavMesh properties.
[satisfactory-server] 08.10.2026 13:00:07 [2026.10.08-00.00.07:041][457]LogNavigation: Error: Navmesh bounds are too large! Limiting requested tiles count (306440) to: (65536) for FGDefaultNavMesh /Game/FactoryGame/Map/GameLevel01/Persistent_Level.Persistent_Level:PersistentLevel.FGDefaultNavMesh_UAID_107C613DF100648602-Default. To resolve this, try using bigger tiles or increasing the TileNumberHardLimit in the NavMesh properties.
[satisfactory-server] 08.10.2026 13:00:07 [2026.10.08-00.00.07:043][457]LogNavigationDataBuild: Display:    RebuildAll building NavData:  Name Critter class /Script/FactoryGame.FGCritterNavMesh agent radius 20.0.
[satisfactory-server] 08.10.2026 13:00:07 [2026.10.08-00.00.07:043][457]LogNavigationDataBuild: Display:    RebuildAll load time: 0.00s
[satisfactory-server] 08.10.2026 13:00:07 [2026.10.08-00.00.07:043][457]LogNavigation: Error: Navmesh bounds are too large! Limiting requested tiles count (306440) to: (65536) for FGCritterNavMesh /Game/FactoryGame/Map/GameLevel01/Persistent_Level.Persistent_Level:PersistentLevel.FGCritterNavMesh_UAID_107C613DF100648602-Critter. To resolve this, try using bigger tiles or increasing the TileNumberHardLimit in the NavMesh properties.
[satisfactory-server] 08.10.2026 13:00:07 [2026.10.08-00.00.07:045][457]LogNavigation: Error: Navmesh bounds are too large! Limiting requested tiles count (306440) to: (65536) for FGCritterNavMesh /Game/FactoryGame/Map/GameLevel01/Persistent_Level.Persistent_Level:PersistentLevel.FGCritterNavMesh_UAID_107C613DF100648602-Critter. To resolve this, try using bigger tiles or increasing the TileNumberHardLimit in the NavMesh properties.
[satisfactory-server] 08.10.2026 13:00:07 [2026.10.08-00.00.07:047][457]LogNavigationDataBuild: Display: UNavigationSystemV1::Build started...
[satisfactory-server] 08.10.2026 13:00:07 [2026.10.08-00.00.07:047][457]LogNavigationDataBuild: Display:    RebuildAll building NavData:  Name Alpha class /Script/FactoryGame.FGAlphaNavMesh agent radius 120.0.
[satisfactory-server] 08.10.2026 13:00:07 [2026.10.08-00.00.07:047][457]LogNavigationDataBuild: Display:    RebuildAll load time: 0.00s
[satisfactory-server] 08.10.2026 13:00:07 [2026.10.08-00.00.07:048][457]LogNavigation: Error: Navmesh bounds are too large! Limiting requested tiles count (306440) to: (65536) for FGAlphaNavMesh /Game/FactoryGame/Map/GameLevel01/Persistent_Level.Persistent_Level:PersistentLevel.FGAlphaNavMesh_UAID_107C613DF100648602-Alpha. To resolve this, try using bigger tiles or increasing the TileNumberHardLimit in the NavMesh properties.
[satisfactory-server] 08.10.2026 13:00:07 [2026.10.08-00.00.07:050][457]LogNavigation: Error: Navmesh bounds are too large! Limiting requested tiles count (306440) to: (65536) for FGAlphaNavMesh /Game/FactoryGame/Map/GameLevel01/Persistent_Level.Persistent_Level:PersistentLevel.FGAlphaNavMesh_UAID_107C613DF100648602-Alpha. To resolve this, try using bigger tiles or increasing the TileNumberHardLimit in the NavMesh properties.
[satisfactory-server] 08.10.2026 13:00:07 [2026.10.08-00.00.07:052][457]LogNavigationDataBuild: Display:    RebuildAll building NavData:  Name Default class /Script/FactoryGame.FGDefaultNavMesh agent radius 85.5.
[satisfactory-server] 08.10.2026 13:00:07 [2026.10.08-00.00.07:052][457]LogNavigationDataBuild: Display:    RebuildAll load time: 0.00s
[satisfactory-server] 08.10.2026 13:00:07 [2026.10.08-00.00.07:052][457]LogNavigation: Error: Navmesh bounds are too large! Limiting requested tiles count (306440) to: (65536) for FGDefaultNavMesh /Game/FactoryGame/Map/GameLevel01/Persistent_Level.Persistent_Level:PersistentLevel.FGDefaultNavMesh_UAID_107C613DF100648602-Default. To resolve this, try using bigger tiles or increasing the TileNumberHardLimit in the NavMesh properties.